symbol,strategy,config,n,win,pf,netR,maxDD,w1,w2,w3,all_pos,pass
ETH,RSI EMA rsi55/45,SL1.5/TP1.5 24/7 hold12,445,45.39325842696629,0.7114439066402355,-76.57617030844436,51.30565437825654,153t -7.6R,171t -47.5R,121t -21.4R,False,False
ETH,RSI EMA rsi55/45,SL1.5/TP1.5 24/7 hold24,444,46.846846846846844,0.721722049669295,-77.99057057759313,53.908841129061265,153t -2.3R,170t -51.8R,121t -23.9R,False,False
ETH,RSI EMA rsi55/45,SL1.5/TP1.5 24/7 hold48,444,46.846846846846844,0.7197168501358753,-79.78462581598103,55.153020845046285,153t -3.9R,170t -53.0R,121t -22.9R,False,False
ETH,RSI EMA rsi55/45,SL1.5/TP1.5 12-18 hold12,171,50.87719298245614,0.906497996618728,-8.648932630263888,14.898056970757375,63t +1.2R,71t -8.3R,37t -1.5R,False,False
ETH,RSI EMA rsi55/45,SL1.5/TP1.5 12-18 hold24,171,51.461988304093566,0.8887300297730188,-11.432785615720118,15.691539227634488,63t +3.4R,71t -11.0R,37t -3.8R,False,False
ETH,RSI EMA rsi55/45,SL1.5/TP1.5 12-18 hold48,171,50.87719298245614,0.8579314634828793,-14.630337560823834,17.290539647344154,63t +2.3R,71t -12.4R,37t -4.5R,False,False
ETH,RSI EMA rsi55/45,SL1.5/TP1.5 07-21 hold12,294,45.57823129251701,0.731452226144192,-46.71004294485928,36.36595756815732,102t -6.9R,113t -32.6R,79t -7.2R,False,False
ETH,RSI EMA rsi55/45,SL1.5/TP1.5 07-21 hold24,293,47.098976109215016,0.7368776235665837,-48.572224573384794,40.34624212173256,102t -3.0R,112t -37.0R,79t -8.6R,False,False
ETH,RSI EMA rsi55/45,SL1.5/TP1.5 07-21 hold48,293,46.75767918088737,0.7288705924543627,-51.56980440034979,42.74109084393059,102t -4.6R,112t -39.4R,79t -7.5R,False,False
ETH,RSI EMA rsi55/45,SL1.5/TP1.5 00-08 hold12,116,43.96551724137931,0.6711451174620988,-26.769832159699526,20.24752026718744,37t +1.2R,46t -17.9R,33t -10.0R,False,False
ETH,RSI EMA rsi55/45,SL1.5/TP1.5 00-08 hold24,116,45.689655172413794,0.7182225146094452,-24.01194078948737,19.620926365441697,37t +2.5R,46t -17.3R,33t -9.2R,False,False
ETH,RSI EMA rsi55/45,SL1.5/TP1.5 00-08 hold48,116,46.55172413793103,0.7159809996879118,-23.246312974236073,18.526496947482297,37t +1.8R,46t -15.9R,33t -9.2R,False,False
ETH,RSI EMA rsi55/45,SL1.5/TP1.5 13-21 hold12,173,48.554913294797686,0.8503306946883998,-14.91186291102955,14.397614991507288,66t +1.0R,66t -5.1R,41t -10.8R,False,False
ETH,RSI EMA rsi55/45,SL1.5/TP1.5 13-21 hold24,173,49.71098265895954,0.8558733354389166,-16.42583483307686,16.346327616749605,66t +4.3R,66t -7.7R,41t -13.0R,False,False
ETH,RSI EMA rsi55/45,SL1.5/TP1.5 13-21 hold48,173,49.13294797687861,0.8247044104829581,-19.904950791312736,16.464314640147542,66t +3.1R,66t -10.1R,41t -12.9R,False,False
ETH,RSI EMA rsi55/45,SL1.5/TP3.0 24/7 hold12,398,33.91959798994975,0.7505649786551976,-68.75540858227056,45.96168630326698,134t -13.1R,156t -42.1R,108t -13.5R,False,False
ETH,RSI EMA rsi55/45,SL1.5/TP3.0 24/7 hold24,391,33.248081841432224,0.7870056035517017,-63.57390471197277,49.674293453882356,133t -4.6R,152t -45.3R,106t -13.6R,False,False
ETH,RSI EMA rsi55/45,SL1.5/TP3.0 24/7 hold48,389,31.876606683804628,0.7826108576134542,-66.77152667290426,51.01452402510775,132t -9.7R,151t -46.7R,106t -10.4R,False,False
ETH,RSI EMA rsi55/45,SL1.5/TP3.0 12-18 hold12,147,40.136054421768705,0.9771580523178082,-2.26554708660198,12.82545556369977,52t -1.4R,62t +4.9R,33t -5.7R,False,False
ETH,RSI EMA rsi55/45,SL1.5/TP3.0 12-18 hold24,143,38.46153846153846,1.0528360896094593,4.351591937032012,13.423239806855019,51t +3.7R,60t +4.2R,32t -3.5R,False,False
ETH,RSI EMA rsi55/45,SL1.5/TP3.0 12-18 hold48,143,37.76223776223776,1.0263690286238993,2.337580491645047,13.423239806855019,51t +2.5R,60t +2.0R,32t -2.2R,False,False
ETH,RSI EMA rsi55/45,SL1.5/TP3.0 07-21 hold12,260,36.15384615384615,0.8320544944857919,-29.244814473119344,26.957956959219064,89t -8.6R,102t -19.0R,69t -1.7R,False,False
ETH,RSI EMA rsi55/45,SL1.5/TP3.0 07-21 hold24,254,35.039370078740156,0.8807559855748189,-22.364511113085246,26.91089398382183,88t -1.3R,99t -21.3R,67t +0.3R,False,False
ETH,RSI EMA rsi55/45,SL1.5/TP3.0 07-21 hold48,254,34.645669291338585,0.8985054833745115,-20.421221797132123,29.539336949283843,88t -2.2R,99t -21.7R,67t +3.5R,False,False
ETH,RSI EMA rsi55/45,SL1.5/TP3.0 00-08 hold12,104,27.884615384615383,0.552165366036249,-37.49003752467714,26.23543386508945,32t -2.9R,42t -24.6R,30t -10.0R,False,False
ETH,RSI EMA rsi55/45,SL1.5/TP3.0 00-08 hold24,104,28.846153846153847,0.6032317944615051,-35.73461643110238,25.06910153658176,32t -2.5R,42t -23.4R,30t -9.8R,False,False
ETH,RSI EMA rsi55/45,SL1.5/TP3.0 00-08 hold48,102,25.49019607843137,0.5796289187640211,-37.95121572753461,24.913954473589214,32t -4.8R,40t -23.3R,30t -9.8R,False,False
ETH,RSI EMA rsi55/45,SL1.5/TP3.0 13-21 hold12,149,40.26845637583892,1.0242084296462577,-0.3289796504474083,14.177915866569805,55t +1.6R,57t +9.3R,37t -11.2R,False,False
ETH,RSI EMA rsi55/45,SL1.5/TP3.0 13-21 hold24,146,38.35616438356164,1.084746319872322,5.018460319143215,14.703675669126511,54t +8.3R,55t +7.4R,37t -10.7R,False,False
ETH,RSI EMA rsi55/45,SL1.5/TP3.0 13-21 hold48,146,36.3013698630137,0.9938610327672093,-2.2091135888861007,14.70367566912651,54t +5.2R,55t +2.3R,37t -9.7R,False,False
ETH,RSI EMA rsi55/45,SL1.0/TP2.0 24/7 hold12,469,29.637526652452024,0.6223624539689124,-149.95490321171343,89.12891612644923,162t -38.7R,183t -89.6R,124t -21.7R,False,False
ETH,RSI EMA rsi55/45,SL1.0/TP2.0 24/7 hold24,469,28.997867803837952,0.6263554123010142,-151.54637896593601,89.2338466382477,162t -36.3R,183t -89.7R,124t -25.6R,False,False
ETH,RSI EMA rsi55/45,SL1.0/TP2.0 24/7 hold48,469,28.35820895522388,0.6284950333471281,-152.40704008207342,92.05721108566017,162t -35.3R,183t -92.5R,124t -24.6R,False,False
ETH,RSI EMA rsi55/45,SL1.0/TP2.0 12-18 hold12,178,35.393258426966284,0.8302669707161955,-22.537680353371975,15.208789969815504,66t -8.3R,74t -12.2R,38t -2.0R,False,False
ETH,RSI EMA rsi55/45,SL1.0/TP2.0 12-18 hold24,178,34.26966292134831,0.8142015974250151,-25.358500203065912,16.71319318415899,66t -7.2R,74t -13.7R,38t -4.5R,False,False
ETH,RSI EMA rsi55/45,SL1.0/TP2.0 12-18 hold48,178,33.146067415730336,0.7979512561178745,-28.18186465047839,17.797198294325778,66t -7.2R,74t -16.5R,38t -4.5R,False,False
ETH,RSI EMA rsi55/45,SL1.0/TP2.0 07-21 hold12,308,31.818181818181817,0.7112525563899268,-72.22422278003756,43.08962113397197,111t -24.3R,117t -43.1R,80t -4.8R,False,False
ETH,RSI EMA rsi55/45,SL1.0/TP2.0 07-21 hold24,308,31.818181818181817,0.7222562632469506,-70.88554630516661,45.930442366152946,111t -19.8R,117t -45.0R,80t -6.1R,False,False
ETH,RSI EMA rsi55/45,SL1.0/TP2.0 07-21 hold48,308,30.844155844155843,0.7199139163829792,-72.67755676529566,48.75380681356542,111t -19.8R,117t -47.9R,80t -5.1R,False,False
ETH,RSI EMA rsi55/45,SL1.0/TP2.0 00-08 hold12,124,23.387096774193548,0.4430014642083705,-67.62101807937398,47.57993657465492,37t -9.0R,54t -47.0R,33t -11.7R,False,False
ETH,RSI EMA rsi55/45,SL1.0/TP2.0 00-08 hold24,124,22.580645161290324,0.44844867203710514,-68.30248534322708,45.72429597926963,37t -10.7R,54t -45.1R,33t -12.5R,False,False
ETH,RSI EMA rsi55/45,SL1.0/TP2.0 00-08 hold48,124,21.774193548387096,0.4409251472468557,-69.47297959610127,45.72429597926963,37t -11.9R,54t -45.1R,33t -12.5R,False,False
ETH,RSI EMA rsi55/45,SL1.0/TP2.0 13-21 hold12,178,34.831460674157306,0.8064275227364318,-25.388510945075375,17.71194717969704,72t -14.0R,66t -4.9R,40t -6.5R,False,False
ETH,RSI EMA rsi55/45,SL1.0/TP2.0 13-21 hold24,177,34.463276836158194,0.8195328280701727,-24.17086524500705,16.64797629983172,72t -10.9R,65t -5.0R,40t -8.3R,False,False
ETH,RSI EMA rsi55/45,SL1.0/TP2.0 13-21 hold48,177,32.76836158192091,0.7966796048666891,-27.529349251456573,16.64797629983172,72t -10.9R,65t -7.8R,40t -8.9R,False,False
ETH,RSI EMA rsi55/45,SL2.0/TP2.0 24/7 hold12,388,44.07216494845361,0.7502462256327257,-53.568742930862996,42.85928799807836,133t -7.8R,152t -40.4R,103t -5.4R,False,False
ETH,RSI EMA rsi55/45,SL2.0/TP2.0 24/7 hold24,387,46.51162790697674,0.7449291566263859,-58.56357079904299,45.949374543397916,133t -5.4R,151t -43.6R,103t -9.6R,False,False
ETH,RSI EMA rsi55/45,SL2.0/TP2.0 24/7 hold48,386,45.59585492227979,0.7229851092071234,-66.94027960056307,49.789909311805424,132t -6.7R,151t -47.4R,103t -12.9R,False,False
ETH,RSI EMA rsi55/45,SL2.0/TP2.0 12-18 hold12,144,50.69444444444444,1.0258992268947669,1.3260413526759136,9.57624334050966,50t +2.6R,63t -0.6R,31t -0.6R,False,False
ETH,RSI EMA rsi55/45,SL2.0/TP2.0 12-18 hold24,144,54.166666666666664,1.0706296521599785,2.615744862211512,9.313370930275935,50t +8.6R,63t -2.6R,31t -3.4R,False,False
ETH,RSI EMA rsi55/45,SL2.0/TP2.0 12-18 hold48,144,51.388888888888886,0.9699786058707631,-6.096841804659605,13.149193776496965,50t +8.1R,63t -7.0R,31t -7.3R,False,False
ETH,RSI EMA rsi55/45,SL2.0/TP2.0 07-21 hold12,256,46.09375,0.8432831161172196,-21.817182202199405,23.54627361305395,88t -1.6R,101t -19.9R,67t -0.3R,False,False
ETH,RSI EMA rsi55/45,SL2.0/TP2.0 07-21 hold24,255,48.627450980392155,0.8369121666756029,-24.906673819272147,28.436148109811484,88t +1.2R,100t -24.5R,67t -1.6R,False,False
ETH,RSI EMA rsi55/45,SL2.0/TP2.0 07-21 hold48,255,47.05882352941177,0.7909345572986239,-34.24173277127934,33.61404269165987,88t +1.3R,100t -30.1R,67t -5.4R,False,False
ETH,RSI EMA rsi55/45,SL2.0/TP2.0 00-08 hold12,100,41.0,0.6294646351174863,-25.581552143294523,21.55105127167878,32t -2.5R,41t -21.8R,27t -1.4R,False,False
ETH,RSI EMA rsi55/45,SL2.0/TP2.0 00-08 hold24,100,43.0,0.6325959643358965,-25.69678095443887,20.62610146060866,32t -2.8R,41t -20.8R,27t -2.1R,False,False
ETH,RSI EMA rsi55/45,SL2.0/TP2.0 00-08 hold48,100,43.0,0.6519113741993641,-24.239372890902676,19.331942543230948,32t -4.1R,41t -18.6R,27t -1.6R,False,False
ETH,RSI EMA rsi55/45,SL2.0/TP2.0 13-21 hold12,143,51.74825174825175,1.0903433860399792,3.600764716591901,7.452830171174153,53t +3.7R,57t +5.1R,33t -5.2R,False,False
ETH,RSI EMA rsi55/45,SL2.0/TP2.0 13-21 hold24,142,55.63380281690141,1.1709256582367613,7.269806390632502,9.142088468191353,53t +9.5R,56t +4.8R,33t -7.0R,False,False
ETH,RSI EMA rsi55/45,SL2.0/TP2.0 13-21 hold48,142,52.11267605633803,1.0318819420011172,-2.2139146454495364,10.230575515133012,53t +8.9R,56t -0.8R,33t -10.3R,False,False
ETH,RSI EMA rsi55/45,SL1.0/TP1.0 24/7 hold12,509,42.82907662082515,0.5404294241941351,-159.20954801676712,79.1229651731892,180t -42.0R,195t -79.9R,134t -37.3R,False,False
ETH,RSI EMA rsi55/45,SL1.0/TP1.0 24/7 hold24,509,43.222003929273086,0.545442575388742,-158.557235630646,80.22914947710534,180t -42.0R,195t -81.0R,134t -35.5R,False,False
ETH,RSI EMA rsi55/45,SL1.0/TP1.0 24/7 hold48,509,43.222003929273086,0.5472932133895172,-157.95253619390976,80.22914947710534,180t -42.0R,195t -81.0R,134t -34.9R,False,False
ETH,RSI EMA rsi55/45,SL1.0/TP1.0 12-18 hold12,204,43.13725490196079,0.5769574796015299,-56.67550675393397,27.493081967113593,77t -16.2R,83t -28.8R,44t -11.6R,False,False
ETH,RSI EMA rsi55/45,SL1.0/TP1.0 12-18 hold24,204,43.627450980392155,0.5827391819495706,-56.164300106122354,27.493081967113593,77t -15.2R,83t -28.8R,44t -12.1R,False,False
ETH,RSI EMA rsi55/45,SL1.0/TP1.0 12-18 hold48,204,43.627450980392155,0.5827391819495706,-56.164300106122354,27.493081967113593,77t -15.2R,83t -28.8R,44t -12.1R,False,False
ETH,RSI EMA rsi55/45,SL1.0/TP1.0 07-21 hold12,336,41.07142857142857,0.5171714052448103,-111.28337772372947,51.35766686126993,122t -36.2R,126t -52.7R,88t -22.4R,False,False
ETH,RSI EMA rsi55/45,SL1.0/TP1.0 07-21 hold24,336,41.964285714285715,0.5305456796464769,-108.58179047594827,51.86788415746641,122t -34.7R,126t -53.2R,88t -20.6R,False,False
ETH,RSI EMA rsi55/45,SL1.0/TP1.0 07-21 hold48,336,41.964285714285715,0.5334406695215812,-107.97709103921204,51.86788415746641,122t -34.7R,126t -53.2R,88t -20.0R,False,False
ETH,RSI EMA rsi55/45,SL1.0/TP1.0 00-08 hold12,132,40.90909090909091,0.4896697257255094,-51.023321249912826,31.08427288702748,42t -6.0R,56t -31.5R,34t -13.5R,False,False
ETH,RSI EMA rsi55/45,SL1.0/TP1.0 00-08 hold24,132,40.90909090909091,0.48246737597157935,-52.09626476998298,31.680239894747167,42t -7.4R,56t -32.1R,34t -12.7R,False,False
ETH,RSI EMA rsi55/45,SL1.0/TP1.0 00-08 hold48,132,40.90909090909091,0.48246737597157935,-52.09626476998298,31.680239894747167,42t -7.4R,56t -32.1R,34t -12.7R,False,False
ETH,RSI EMA rsi55/45,SL1.0/TP1.0 13-21 hold12,204,41.1764705882353,0.5365386893116987,-63.3129796316532,25.63713282796377,82t -19.7R,77t -26.2R,45t -17.4R,False,False
ETH,RSI EMA rsi55/45,SL1.0/TP1.0 13-21 hold24,204,41.666666666666664,0.5414946897096378,-63.23544699700851,26.147350124160265,82t -18.7R,77t -26.7R,45t -17.8R,False,False
ETH,RSI EMA rsi55/45,SL1.0/TP1.0 13-21 hold48,204,41.666666666666664,0.5456854605847297,-62.63074756027229,26.147350124160265,82t -18.7R,77t -26.7R,45t -17.2R,False,False
ETH,RSI EMA rsi55/45,SL2.0/TP4.0 24/7 hold12,354,36.440677966101696,0.8063993700861232,-40.73566305207815,33.46993806007016,123t -12.0R,137t -28.7R,94t +0.0R,False,False
ETH,RSI EMA rsi55/45,SL2.0/TP4.0 24/7 hold24,342,37.42690058479532,0.8857224087286828,-28.493077315695835,35.26662688071741,117t +3.0R,132t -31.6R,93t +0.1R,False,False
ETH,RSI EMA rsi55/45,SL2.0/TP4.0 24/7 hold48,338,34.61538461538461,0.8785012201408211,-31.76021870589987,38.2495365798634,115t +1.7R,130t -32.4R,93t -1.1R,False,False
ETH,RSI EMA rsi55/45,SL2.0/TP4.0 12-18 hold12,132,42.42424242424242,1.0547848375912143,3.5750619648892026,9.216585264353578,47t +1.3R,56t +5.2R,29t -3.0R,False,False
ETH,RSI EMA rsi55/45,SL2.0/TP4.0 12-18 hold24,122,45.90163934426229,1.316382651294333,18.704638489270444,9.622591193309901,41t +13.3R,53t +7.2R,28t -1.8R,False,False
ETH,RSI EMA rsi55/45,SL2.0/TP4.0 12-18 hold48,121,39.66942148760331,1.1204959034094202,6.105878800952597,11.192516476201606,40t +11.6R,53t +0.6R,28t -6.1R,False,False
ETH,RSI EMA rsi55/45,SL2.0/TP4.0 07-21 hold12,232,39.224137931034484,0.8899373960017615,-15.709676524860026,19.796645064163478,81t -5.1R,91t -14.9R,60t +4.3R,False,False
ETH,RSI EMA rsi55/45,SL2.0/TP4.0 07-21 hold24,220,39.54545454545455,1.0241035303478103,-0.017716867570740646,21.91683721920173,75t +10.6R,86t -16.4R,59t +5.7R,False,False
ETH,RSI EMA rsi55/45,SL2.0/TP4.0 07-21 hold48,219,36.529680365296805,0.9903336665256123,-5.6735467538828,28.42751043601426,74t +12.4R,86t -21.2R,59t +3.1R,False,False
ETH,RSI EMA rsi55/45,SL2.0/TP4.0 00-08 hold12,92,30.434782608695652,0.5701610631228481,-27.95521473070853,20.416178659049706,29t -1.1R,36t -20.8R,27t -6.1R,False,False
ETH,RSI EMA rsi55/45,SL2.0/TP4.0 00-08 hold24,92,32.608695652173914,0.6207998000754844,-27.850139442301042,20.66652401007088,29t -1.3R,36t -19.4R,27t -7.1R,False,False
ETH,RSI EMA rsi55/45,SL2.0/TP4.0 00-08 hold48,90,30.0,0.6809238168540429,-23.511714052465468,17.493259924937256,29t -2.5R,34t -15.4R,27t -5.6R,False,False
ETH,RSI EMA rsi55/45,SL2.0/TP4.0 13-21 hold12,129,44.18604651162791,1.1297208846265925,5.775853768435768,8.149033267471227,49t +1.7R,49t +10.5R,31t -6.4R,False,False
ETH,RSI EMA rsi55/45,SL2.0/TP4.0 13-21 hold24,122,45.90163934426229,1.3572808494978992,20.522059537668827,7.834645002478707,44t +15.1R,47t +8.9R,31t -3.4R,False,False
ETH,RSI EMA rsi55/45,SL2.0/TP4.0 13-21 hold48,121,39.66942148760331,1.133045656133249,7.403740446390076,9.75199883207756,43t +12.7R,47t +1.7R,31t -7.0R,False,False
ETH,RSI EMA rsi50/50,SL1.5/TP1.5 24/7 hold12,522,42.911877394636015,0.6345342970132999,-116.45923955578161,65.74259917402834,175t -17.6R,199t -64.4R,148t -34.5R,False,False
ETH,RSI EMA rsi50/50,SL1.5/TP1.5 24/7 hold24,521,44.33781190019194,0.6491232919613653,-118.36181497096342,72.01725549102309,175t -10.5R,198t -71.1R,148t -36.7R,False,False
ETH,RSI EMA rsi50/50,SL1.5/TP1.5 24/7 hold48,521,44.33781190019194,0.6506858912667728,-120.20856760336596,73.89317127302911,175t -12.1R,198t -73.0R,148t -35.1R,False,False
ETH,RSI EMA rsi50/50,SL1.5/TP1.5 12-18 hold12,201,48.25870646766169,0.7962278419847642,-23.720236081935905,21.730830252929458,70t +0.6R,81t -16.3R,50t -8.0R,False,False
ETH,RSI EMA rsi50/50,SL1.5/TP1.5 12-18 hold24,201,48.756218905472636,0.8042008237823387,-25.181655926110107,23.55349958061756,70t +3.8R,81t -18.7R,50t -10.3R,False,False
ETH,RSI EMA rsi50/50,SL1.5/TP1.5 12-18 hold48,201,48.25870646766169,0.7835114737421527,-28.0854452508137,25.533565601298125,70t +2.6R,81t -19.7R,50t -11.0R,False,False
ETH,RSI EMA rsi50/50,SL1.5/TP1.5 07-21 hold12,339,43.36283185840708,0.6496692484326727,-71.31250947637751,42.41418132227773,114t -13.0R,127t -39.9R,98t -18.4R,False,False
ETH,RSI EMA rsi50/50,SL1.5/TP1.5 07-21 hold24,338,44.67455621301775,0.66073589853505,-73.1702302687642,47.474571396954325,114t -8.1R,126t -45.4R,98t -19.7R,False,False
ETH,RSI EMA rsi50/50,SL1.5/TP1.5 07-21 hold48,338,44.37869822485207,0.656664216592055,-75.87404747532906,49.44595658066657,114t -9.8R,126t -47.3R,98t -18.7R,False,False
ETH,RSI EMA rsi50/50,SL1.5/TP1.5 00-08 hold12,141,41.13475177304964,0.5863792044507075,-38.88127103515036,26.577475908382443,45t -2.4R,57t -24.3R,39t -12.2R,False,False
ETH,RSI EMA rsi50/50,SL1.5/TP1.5 00-08 hold24,141,43.262411347517734,0.6354242223330708,-36.05292271117341,27.286138808795286,45t -0.4R,57t -25.0R,39t -10.7R,False,False
ETH,RSI EMA rsi50/50,SL1.5/TP1.5 00-08 hold48,141,43.97163120567376,0.640810573676331,-35.63375491033688,26.895308502455563,45t -1.1R,57t -24.6R,39t -10.0R,False,False
ETH,RSI EMA rsi50/50,SL1.5/TP1.5 13-21 hold12,205,45.853658536585364,0.7418784978335413,-31.839031590055374,22.169504643985135,75t -1.7R,74t -10.7R,56t -19.4R,False,False
ETH,RSI EMA rsi50/50,SL1.5/TP1.5 13-21 hold24,205,46.82926829268293,0.7637264282927506,-32.030570370820655,24.685990796163114,75t +2.5R,74t -13.1R,56t -21.5R,False,False
ETH,RSI EMA rsi50/50,SL1.5/TP1.5 13-21 hold48,205,46.34146341463415,0.7442607791384077,-35.215923708656405,24.245579580199603,75t +1.3R,74t -15.1R,56t -21.5R,False,False
ETH,RSI EMA rsi50/50,SL1.5/TP3.0 24/7 hold12,464,33.189655172413794,0.6999501320814068,-97.1028156173889,56.850356624961414,152t -21.0R,181t -53.7R,131t -22.4R,False,False
ETH,RSI EMA rsi50/50,SL1.5/TP3.0 24/7 hold24,455,32.30769230769231,0.7485592446764687,-88.13480452129076,61.09750346692996,150t -7.9R,177t -58.0R,128t -22.3R,False,False
ETH,RSI EMA rsi50/50,SL1.5/TP3.0 24/7 hold48,452,30.97345132743363,0.7549715786255127,-88.34416213232326,62.07265084729464,149t -13.4R,176t -59.0R,127t -16.0R,False,False
ETH,RSI EMA rsi50/50,SL1.5/TP3.0 12-18 hold12,171,39.76608187134503,0.9360250263351525,-7.247618668142419,16.078408184767436,56t -0.4R,71t +1.4R,44t -8.3R,False,False
ETH,RSI EMA rsi50/50,SL1.5/TP3.0 12-18 hold24,165,38.18181818181818,1.0309523388205981,2.370613545604815,17.193896613397627,54t +6.9R,69t +0.9R,42t -5.5R,False,False
ETH,RSI EMA rsi50/50,SL1.5/TP3.0 12-18 hold48,165,36.96969696969697,1.0074679339099761,0.17886094903036232,17.225309428522657,54t +5.3R,69t -0.8R,42t -4.3R,False,False
ETH,RSI EMA rsi50/50,SL1.5/TP3.0 07-21 hold12,299,35.11705685618729,0.774847364942083,-45.156082214306934,31.675212003179805,98t -13.1R,115t -22.8R,86t -9.3R,False,False
ETH,RSI EMA rsi50/50,SL1.5/TP3.0 07-21 hold24,291,34.02061855670103,0.8265371382183233,-37.03803185800712,32.00200111501708,96t -3.7R,112t -26.2R,83t -7.2R,False,False
ETH,RSI EMA rsi50/50,SL1.5/TP3.0 07-21 hold48,291,33.333333333333336,0.8511634392161354,-33.430276724736075,35.69204482204667,96t -4.9R,112t -26.2R,83t -2.3R,False,False
ETH,RSI EMA rsi50/50,SL1.5/TP3.0 00-08 hold12,127,27.559055118110237,0.5038629790794132,-50.20961396927379,34.865904378297884,40t -5.1R,52t -33.2R,35t -11.9R,False,False
ETH,RSI EMA rsi50/50,SL1.5/TP3.0 00-08 hold24,127,27.559055118110237,0.576641180076962,-47.21413700139919,33.69478079312238,40t -2.3R,52t -32.1R,35t -12.8R,False,False
ETH,RSI EMA rsi50/50,SL1.5/TP3.0 00-08 hold48,124,25.0,0.5686575803228986,-48.106937765250315,33.53611333618735,40t -4.7R,50t -31.9R,34t -11.5R,False,False
ETH,RSI EMA rsi50/50,SL1.5/TP3.0 13-21 hold12,176,38.06818181818182,0.9080466040405141,-13.000064346737307,19.96667786453937,61t -3.6R,65t +6.9R,50t -16.3R,False,False
ETH,RSI EMA rsi50/50,SL1.5/TP3.0 13-21 hold24,171,36.8421052631579,0.9965300356077271,-3.4080463113241084,18.47433247566911,59t +6.1R,63t +5.3R,49t -14.8R,False,False
ETH,RSI EMA rsi50/50,SL1.5/TP3.0 13-21 hold48,171,34.50292397660819,0.9286087969855938,-10.403758340520893,18.505745290794145,59t +2.9R,63t +0.6R,49t -14.0R,False,False
ETH,RSI EMA rsi50/50,SL1.0/TP2.0 24/7 hold12,544,28.860294117647058,0.600431643810843,-183.57218365634367,102.04247314208743,185t -44.7R,209t -102.5R,150t -36.4R,False,False
ETH,RSI EMA rsi50/50,SL1.0/TP2.0 24/7 hold24,544,28.125,0.5995457598864022,-189.10775308564132,104.63093879913514,185t -41.7R,209t -105.1R,150t -42.3R,False,False
ETH,RSI EMA rsi50/50,SL1.0/TP2.0 24/7 hold48,544,27.389705882352942,0.5973148461266826,-193.09295098414458,108.53725265330773,185t -40.8R,209t -109.0R,150t -43.3R,False,False
ETH,RSI EMA rsi50/50,SL1.0/TP2.0 12-18 hold12,208,33.17307692307692,0.7503048546677735,-39.98704033776784,17.829526753288363,73t -10.3R,84t -17.1R,51t -12.6R,False,False
ETH,RSI EMA rsi50/50,SL1.0/TP2.0 12-18 hold24,208,31.730769230769226,0.7309558400756888,-44.828537442718236,20.16861887425479,73t -9.2R,84t -19.4R,51t -16.2R,False,False
ETH,RSI EMA rsi50/50,SL1.0/TP2.0 12-18 hold48,208,30.76923076923077,0.7158188389066134,-48.255848650874455,22.004893356499604,73t -9.2R,84t -22.3R,51t -16.8R,False,False
ETH,RSI EMA rsi50/50,SL1.0/TP2.0 07-21 hold12,353,30.311614730878187,0.6614381767567958,-96.73176836057688,47.76020048696252,123t -32.1R,131t -48.2R,99t -16.4R,False,False
ETH,RSI EMA rsi50/50,SL1.0/TP2.0 07-21 hold24,353,30.02832861189802,0.6627555582590282,-99.12943662230323,52.316689200484326,123t -27.6R,131t -52.8R,99t -18.8R,False,False
ETH,RSI EMA rsi50/50,SL1.0/TP2.0 07-21 hold48,353,29.178470254957507,0.6590392088589765,-101.525393843176,55.14005364789683,123t -27.6R,131t -55.6R,99t -18.4R,False,False
ETH,RSI EMA rsi50/50,SL1.0/TP2.0 00-08 hold12,149,23.48993288590604,0.4436859714881244,-79.90861485570395,54.89207814498785,47t -12.0R,63t -54.3R,39t -13.6R,False,False
ETH,RSI EMA rsi50/50,SL1.0/TP2.0 00-08 hold24,149,22.818791946308725,0.4493022183787967,-80.7978310580348,52.924055088513754,47t -13.3R,63t -52.3R,39t -15.2R,False,False
ETH,RSI EMA rsi50/50,SL1.0/TP2.0 00-08 hold48,149,21.476510067114095,0.43487326000815485,-84.48891533253109,54.007004495273904,47t -14.4R,63t -53.4R,39t -16.7R,False,False
ETH,RSI EMA rsi50/50,SL1.0/TP2.0 13-21 hold12,211,32.70142180094787,0.736136002886023,-42.88815558060699,23.57428940055227,81t -15.1R,75t -8.5R,55t -19.2R,False,False
ETH,RSI EMA rsi50/50,SL1.0/TP2.0 13-21 hold24,210,31.904761904761905,0.7396391321220992,-43.691187135795126,23.252844019799127,81t -12.0R,74t -9.5R,55t -22.2R,False,False
ETH,RSI EMA rsi50/50,SL1.0/TP2.0 13-21 hold48,210,30.476190476190474,0.720345773760496,-47.653617902988394,23.252844019799127,81t -12.0R,74t -12.3R,55t -23.3R,False,False
ETH,RSI EMA rsi50/50,SL2.0/TP2.0 24/7 hold12,459,42.91938997821351,0.7024196686940732,-74.38100539951763,51.19513918421693,156t -12.1R,175t -48.6R,128t -13.8R,False,False
ETH,RSI EMA rsi50/50,SL2.0/TP2.0 24/7 hold24,458,46.069868995633186,0.7242268888776338,-75.75539592005346,55.6446814870353,156t -4.9R,174t -53.3R,128t -17.6R,False,False
ETH,RSI EMA rsi50/50,SL2.0/TP2.0 24/7 hold48,455,44.61538461538461,0.6992883859620906,-86.87245921349883,58.89549748723199,155t -7.1R,172t -56.6R,128t -23.3R,False,False
ETH,RSI EMA rsi50/50,SL2.0/TP2.0 12-18 hold12,173,49.71098265895954,0.9463277560933735,-5.1314368068598775,11.513245414479737,59t +2.9R,71t -4.2R,43t -3.8R,False,False
ETH,RSI EMA rsi50/50,SL2.0/TP2.0 12-18 hold24,173,52.60115606936416,0.9957043815674378,-3.1556141815004697,12.655228350799142,59t +9.1R,71t -5.8R,43t -6.4R,False,False
ETH,RSI EMA rsi50/50,SL2.0/TP2.0 12-18 hold48,173,49.71098265895954,0.9118647482569621,-13.289050507409723,16.792810914063736,59t +8.6R,71t -9.6R,43t -12.2R,False,False
ETH,RSI EMA rsi50/50,SL2.0/TP2.0 07-21 hold12,300,44.333333333333336,0.7666973485118423,-36.45927720916569,27.087937173313314,102t -5.6R,113t -23.3R,85t -7.6R,False,False
ETH,RSI EMA rsi50/50,SL2.0/TP2.0 07-21 hold24,299,47.491638795986624,0.7773149550389638,-37.94799313831326,30.994867738329084,102t -1.8R,112t -27.0R,85t -9.2R,False,False
ETH,RSI EMA rsi50/50,SL2.0/TP2.0 07-21 hold48,298,45.63758389261746,0.7380347885468441,-48.74258208103322,36.12241583294905,102t -1.7R,111t -32.1R,85t -14.9R,False,False
ETH,RSI EMA rsi50/50,SL2.0/TP2.0 00-08 hold12,123,39.83739837398374,0.5556943362582478,-34.812915685518895,25.109609415018117,41t -5.4R,49t -25.3R,33t -4.1R,False,False
ETH,RSI EMA rsi50/50,SL2.0/TP2.0 00-08 hold24,123,42.27642276422764,0.613575448571783,-33.52337789203834,26.527059293188564,41t -3.3R,49t -26.7R,33t -3.5R,False,False
ETH,RSI EMA rsi50/50,SL2.0/TP2.0 00-08 hold48,122,40.98360655737705,0.6144502622480891,-33.346794329714676,24.267269353897312,41t -5.5R,48t -24.5R,33t -3.4R,False,False
ETH,RSI EMA rsi50/50,SL2.0/TP2.0 13-21 hold12,174,50.0,0.9760652015254173,-3.9317916406713973,10.608620329427433,64t +1.9R,64t +3.2R,46t -9.1R,False,False
ETH,RSI EMA rsi50/50,SL2.0/TP2.0 13-21 hold24,173,53.75722543352601,1.066636280094046,1.4941510053437312,12.672451021951675,64t +7.8R,63t +4.7R,46t -11.0R,False,False
ETH,RSI EMA rsi50/50,SL2.0/TP2.0 13-21 hold48,173,50.28901734104046,0.9531988195046734,-9.410419689776448,16.170199294478092,64t +7.3R,63t -0.4R,46t -16.3R,False,False
ETH,RSI EMA rsi50/50,SL1.0/TP1.0 24/7 hold12,593,41.14671163575042,0.5017348404774625,-205.30525709187765,92.91229199905239,207t -58.9R,225t -94.2R,161t -52.2R,False,False
ETH,RSI EMA rsi50/50,SL1.0/TP1.0 24/7 hold24,593,41.31534569983137,0.5033823216339867,-206.44642567763339,94.83011809570502,207t -58.9R,225t -96.1R,161t -51.4R,False,False
ETH,RSI EMA rsi50/50,SL1.0/TP1.0 24/7 hold48,593,41.31534569983137,0.5038534098871308,-206.92467564765732,95.91306750246517,207t -58.9R,225t -97.2R,161t -50.8R,False,False
ETH,RSI EMA rsi50/50,SL1.0/TP1.0 12-18 hold12,237,42.19409282700422,0.547701606381547,-72.35032710100747,33.74054796177476,86t -18.4R,95t -35.1R,56t -18.9R,False,False
ETH,RSI EMA rsi50/50,SL1.0/TP1.0 12-18 hold24,237,42.19409282700422,0.5488537656975998,-72.82095963233628,33.74054796177476,86t -17.4R,95t -35.1R,56t -20.4R,False,False
ETH,RSI EMA rsi50/50,SL1.0/TP1.0 12-18 hold48,237,42.19409282700422,0.5488537656975998,-72.82095963233628,33.74054796177476,86t -17.4R,95t -35.1R,56t -20.4R,False,False
ETH,RSI EMA rsi50/50,SL1.0/TP1.0 07-21 hold12,385,40.25974025974026,0.49431292164783813,-134.85892266049265,56.700850399261576,136t -44.2R,143t -58.0R,106t -32.6R,False,False
ETH,RSI EMA rsi50/50,SL1.0/TP1.0 07-21 hold24,385,40.77922077922078,0.5010746381339007,-134.0631988456771,58.13509194928333,136t -42.7R,143t -59.5R,106t -31.9R,False,False
ETH,RSI EMA rsi50/50,SL1.0/TP1.0 07-21 hold48,385,40.77922077922078,0.503444658730485,-133.4584994089409,58.13509194928333,136t -42.7R,143t -59.5R,106t -31.3R,False,False
ETH,RSI EMA rsi50/50,SL1.0/TP1.0 00-08 hold12,159,38.9937106918239,0.4440567980487465,-66.33452141754759,37.71949446879853,52t -13.5R,66t -36.9R,41t -15.9R,False,False
ETH,RSI EMA rsi50/50,SL1.0/TP1.0 00-08 hold24,159,38.9937106918239,0.4410829494980143,-67.29508247652895,38.203079015429395,52t -14.9R,66t -37.4R,41t -15.0R,False,False
ETH,RSI EMA rsi50/50,SL1.0/TP1.0 00-08 hold48,159,38.9937106918239,0.4385295398776322,-68.3780318832891,39.286028422189545,52t -14.9R,66t -38.5R,41t -15.0R,False,False
ETH,RSI EMA rsi50/50,SL1.0/TP1.0 13-21 hold12,237,40.08438818565401,0.5069833298844103,-80.56449619878734,30.10323433253966,91t -23.8R,87t -29.9R,59t -26.8R,False,False
ETH,RSI EMA rsi50/50,SL1.0/TP1.0 13-21 hold24,237,40.08438818565401,0.5078202298696954,-81.46880274328308,31.54886469996979,91t -22.8R,87t -30.4R,59t -28.2R,False,False
ETH,RSI EMA rsi50/50,SL1.0/TP1.0 13-21 hold48,237,40.08438818565401,0.5111762174087204,-80.86410330654685,30.944165263233568,91t -22.8R,87t -30.4R,59t -27.6R,False,False
ETH,RSI EMA rsi50/50,SL2.0/TP4.0 24/7 hold12,418,35.4066985645933,0.7518858740812413,-60.72692298901414,39.45824102381831,142t -18.8R,160t -34.8R,116t -7.1R,False,False
ETH,RSI EMA rsi50/50,SL2.0/TP4.0 24/7 hold24,403,36.72456575682382,0.8508276560926105,-42.87325603659574,44.26491488193619,134t -1.4R,155t -40.2R,114t -1.3R,False,False
ETH,RSI EMA rsi50/50,SL2.0/TP4.0 24/7 hold48,395,34.68354430379747,0.8849827816665518,-35.06577139844798,45.598195530178316,131t -0.4R,151t -36.8R,113t +2.2R,False,False
ETH,RSI EMA rsi50/50,SL2.0/TP4.0 12-18 hold12,156,41.666666666666664,1.0044852866908733,-0.31313450807687815,10.968533165342137,53t +2.7R,64t +2.6R,39t -5.6R,False,False
ETH,RSI EMA rsi50/50,SL2.0/TP4.0 12-18 hold24,144,43.75,1.2422012713168633,18.173560158353045,11.371224800049369,46t +12.9R,61t +6.7R,37t -1.4R,False,False
ETH,RSI EMA rsi50/50,SL2.0/TP4.0 12-18 hold48,143,39.86013986013986,1.1620830242219704,12.03343633604452,12.513803858464598,45t +13.0R,61t +2.3R,37t -3.3R,False,False
ETH,RSI EMA rsi50/50,SL2.0/TP4.0 07-21 hold12,270,37.77777777777778,0.8359752920289795,-25.182986580044656,23.341190776732137,92t -8.1R,103t -16.4R,75t -0.7R,False,False
ETH,RSI EMA rsi50/50,SL2.0/TP4.0 07-21 hold24,256,38.671875,0.9758165424215917,-5.483411886158611,23.45343668134763,85t +4.8R,98t -15.1R,73t +4.8R,False,False
ETH,RSI EMA rsi50/50,SL2.0/TP4.0 07-21 hold48,254,37.00787401574803,1.014432963772572,0.14800920296778042,29.34965437317791,83t +9.5R,98t -15.0R,73t +5.7R,False,False
ETH,RSI EMA rsi50/50,SL2.0/TP4.0 00-08 hold12,114,30.70175438596491,0.5439428506160296,-35.26646153680444,24.40787511484875,36t -2.5R,45t -25.0R,33t -7.7R,False,False
ETH,RSI EMA rsi50/50,SL2.0/TP4.0 00-08 hold24,114,33.333333333333336,0.640417816649837,-33.533989148627164,27.693891815875705,36t +0.0R,45t -27.1R,33t -6.5R,False,False
ETH,RSI EMA rsi50/50,SL2.0/TP4.0 00-08 hold48,110,30.90909090909091,0.6998721250148002,-27.450498504714183,24.23771938578004,36t -1.7R,42t -21.9R,32t -3.8R,False,False
ETH,RSI EMA rsi50/50,SL2.0/TP4.0 13-21 hold12,155,41.93548387096774,1.0243144023560515,-1.0041729572757894,12.220278681169669,57t +0.1R,56t +8.9R,42t -10.0R,False,False
ETH,RSI EMA rsi50/50,SL2.0/TP4.0 13-21 hold24,146,43.83561643835616,1.2666859105816615,19.488190736430862,8.396840004148531,51t +12.3R,54t +11.2R,41t -4.1R,False,False
ETH,RSI EMA rsi50/50,SL2.0/TP4.0 13-21 hold48,144,40.27777777777778,1.1821831386971005,14.181027188492134,9.962062381387433,49t +12.5R,54t +7.0R,41t -5.3R,False,False
ETH,MACD H1,SL1.5/TP3.0 hold24,103,35.922330097087375,0.9315215138536183,-6.242091840832835,12.559740247800049,36t +4.6R,37t -11.3R,30t +0.5R,False,False
ETH,MACD H1,SL1.5/TP3.0 hold48,98,33.673469387755105,0.991178908386348,-3.613645023922751,13.466552270818463,32t +7.2R,36t -12.7R,30t +1.9R,False,False
ETH,MACD H1,SL1.5/TP1.5 hold24,112,45.535714285714285,0.8572124477442865,-12.493809762971928,14.38248898631975,37t +5.2R,41t -11.5R,34t -6.2R,False,False
ETH,MACD H1,SL1.5/TP1.5 hold48,110,44.54545454545455,0.8304538624938985,-14.821161111312541,15.620433993012693,35t +5.1R,41t -12.7R,34t -7.2R,False,False
ETH,MACD H1,SL1.0/TP2.0 hold24,112,31.25,0.825985432532627,-13.88145756650102,11.072265289026703,40t -5.6R,38t -4.8R,34t -3.4R,False,False
ETH,MACD H1,SL1.0/TP2.0 hold48,112,31.25,0.8418098590276201,-12.870970324147617,11.072265289026703,40t -5.6R,38t -4.4R,34t -2.8R,False,False
ETH,MACD H1,SL2.0/TP4.0 hold24,95,31.57894736842105,0.6427456503063403,-23.04082915545413,15.721273242652892,32t -3.3R,34t -15.6R,29t -4.1R,False,False
ETH,MACD H1,SL2.0/TP4.0 hold48,86,29.069767441860463,0.7481045928350347,-15.762669131359756,11.989099935491474,27t -1.8R,31t -10.7R,28t -3.2R,False,False
ETH,MACD H1,SL1.0/TP1.0 hold24,122,46.721311475409834,0.8132472576326446,-13.81038263510627,11.815136014116053,40t -9.6R,43t -5.1R,39t +0.9R,False,False
ETH,MACD H1,SL1.0/TP1.0 hold48,122,46.721311475409834,0.8057710673035428,-14.46704920631999,12.471802585329776,40t -9.6R,43t -5.7R,39t +0.9R,False,False
ETH,MACD M15,SL1.5/TP3.0 hold48,411,31.630170316301705,0.8449398787317277,-49.05681169942609,44.93039703324963,141t +4.0R,130t -17.6R,140t -35.4R,False,False
ETH,MACD M15,SL1.5/TP3.0 hold96,398,32.663316582914575,0.8645338036796788,-43.38953169315796,46.27703742171667,135t +9.9R,126t -16.5R,137t -36.8R,False,False
ETH,MACD M15,SL1.5/TP1.5 hold48,444,46.846846846846844,0.7831379315388634,-60.4953126028743,40.84149320233674,151t +3.3R,144t -26.9R,149t -36.9R,False,False
ETH,MACD M15,SL1.5/TP1.5 hold96,434,47.69585253456221,0.8083191861573877,-54.500137506891974,41.5591155526235,145t +8.3R,142t -25.1R,147t -37.6R,False,False
ETH,MACD M15,SL1.0/TP2.0 hold48,478,31.380753138075313,0.8019492824963955,-84.75569331503658,65.35932305679442,161t +19.4R,157t -59.0R,160t -45.2R,False,False
ETH,MACD M15,SL1.0/TP2.0 hold96,474,31.645569620253166,0.804938496158111,-82.52456982474033,60.46546544405444,161t +19.4R,154t -54.1R,159t -47.9R,False,False
ETH,MACD M15,SL2.0/TP4.0 hold48,339,29.20353982300885,0.7404665898519928,-64.62121349754577,41.00086369730087,119t -7.5R,109t -22.8R,111t -34.3R,False,False
ETH,MACD M15,SL2.0/TP4.0 hold96,311,29.581993569131832,0.7577172554291437,-57.723410174488485,37.48390591429708,111t -4.9R,100t -22.0R,100t -30.8R,False,False
ETH,MACD M15,SL1.0/TP1.0 hold48,501,41.71656686626746,0.6016482529313388,-144.0883687121451,80.92054205224301,168t -7.2R,165t -78.8R,168t -58.1R,False,False
ETH,MACD M15,SL1.0/TP1.0 hold96,500,42.0,0.6063393097752023,-141.28554865328928,78.11772199338719,168t -7.2R,164t -76.0R,168t -58.1R,False,False
SOL,RSI EMA rsi55/45,SL1.5/TP1.5 24/7 hold12,439,46.46924829157175,0.7442010658199147,-62.20947029623751,30.029355108638804,164t -17.3R,134t -27.4R,141t -17.5R,False,False
SOL,RSI EMA rsi55/45,SL1.5/TP1.5 24/7 hold24,438,46.34703196347032,0.7349693964556689,-67.54558722595122,32.225799307212434,163t -19.7R,134t -30.1R,141t -17.8R,False,False
SOL,RSI EMA rsi55/45,SL1.5/TP1.5 24/7 hold48,437,46.453089244851256,0.7420782697497036,-65.94284705045787,32.225799307212434,162t -20.0R,134t -30.1R,141t -15.9R,False,False
SOL,RSI EMA rsi55/45,SL1.5/TP1.5 12-18 hold12,169,46.15384615384615,0.7477562928328885,-24.531193782431394,16.841991124155193,69t -3.9R,46t -7.4R,54t -13.3R,False,False
SOL,RSI EMA rsi55/45,SL1.5/TP1.5 12-18 hold24,169,44.97041420118343,0.7127285163233044,-29.27204104583239,16.28851262032234,69t -6.8R,46t -8.8R,54t -13.7R,False,False
SOL,RSI EMA rsi55/45,SL1.5/TP1.5 12-18 hold48,169,44.97041420118343,0.7127285163233044,-29.27204104583239,16.28851262032234,69t -6.8R,46t -8.8R,54t -13.7R,False,False
SOL,RSI EMA rsi55/45,SL1.5/TP1.5 07-21 hold12,282,45.0354609929078,0.7102504401280577,-47.404502288591274,24.28139912575333,111t -10.2R,74t -20.1R,97t -17.2R,False,False
SOL,RSI EMA rsi55/45,SL1.5/TP1.5 07-21 hold24,281,44.48398576512456,0.7019540755343096,-50.83669515014241,23.855379921313162,110t -11.7R,74t -22.1R,97t -17.0R,False,False
SOL,RSI EMA rsi55/45,SL1.5/TP1.5 07-21 hold48,281,44.83985765124555,0.7039704092592806,-50.589044671948,23.855379921313162,110t -12.5R,74t -22.1R,97t -16.0R,False,False
SOL,RSI EMA rsi55/45,SL1.5/TP1.5 00-08 hold12,118,46.61016949152542,0.7641192171607082,-15.9298440532772,12.730637716777524,43t -3.4R,40t -10.4R,35t -2.1R,False,False
SOL,RSI EMA rsi55/45,SL1.5/TP1.5 00-08 hold24,118,48.30508474576271,0.7770767119234159,-15.62774052423114,12.887762073929531,43t -4.6R,40t -10.0R,35t -1.0R,False,False
SOL,RSI EMA rsi55/45,SL1.5/TP1.5 00-08 hold48,118,47.45762711864407,0.777977025296082,-15.922543515182303,12.887762073929531,43t -5.8R,40t -10.0R,35t -0.1R,False,False
SOL,RSI EMA rsi55/45,SL1.5/TP1.5 13-21 hold12,164,46.951219512195124,0.7830750085188093,-21.232618878848147,17.441117833650335,73t -5.8R,41t -0.6R,50t -14.8R,False,False
SOL,RSI EMA rsi55/45,SL1.5/TP1.5 13-21 hold24,164,45.1219512195122,0.7275282569703923,-27.28318870673992,16.921672292128857,73t -8.9R,41t -3.2R,50t -15.2R,False,False
SOL,RSI EMA rsi55/45,SL1.5/TP1.5 13-21 hold48,164,45.1219512195122,0.7275282569703923,-27.28318870673992,16.921672292128857,73t -8.9R,41t -3.2R,50t -15.2R,False,False
SOL,RSI EMA rsi55/45,SL1.5/TP3.0 24/7 hold12,385,36.883116883116884,0.8408832499297872,-38.63964572690429,26.98447833465881,139t -14.6R,121t -15.7R,125t -8.3R,False,False
SOL,RSI EMA rsi55/45,SL1.5/TP3.0 24/7 hold24,379,33.773087071240106,0.8391379727651553,-42.925311619132614,26.86447100891781,135t -15.0R,121t -17.0R,123t -10.9R,False,False
SOL,RSI EMA rsi55/45,SL1.5/TP3.0 24/7 hold48,375,32.0,0.8111655939053923,-51.92156909986253,33.104697322071324,132t -18.0R,121t -15.4R,122t -18.6R,False,False
SOL,RSI EMA rsi55/45,SL1.5/TP3.0 12-18 hold12,146,38.35616438356164,0.8373245563746188,-14.701335559170253,14.601488049334106,57t -3.4R,41t -5.1R,48t -6.2R,False,False
SOL,RSI EMA rsi55/45,SL1.5/TP3.0 12-18 hold24,142,33.80281690140845,0.8647972554295239,-13.963371292448706,18.77601281563357,55t -1.1R,41t -3.8R,46t -9.1R,False,False
SOL,RSI EMA rsi55/45,SL1.5/TP3.0 12-18 hold48,142,31.690140845070424,0.8298953714998262,-18.585502440712027,21.743994286418452,55t -1.1R,41t -4.3R,46t -13.2R,False,False
SOL,RSI EMA rsi55/45,SL1.5/TP3.0 07-21 hold12,243,37.03703703703704,0.818354233698632,-28.747875430747193,18.11778790147585,91t -13.8R,66t -15.3R,86t +0.4R,False,False
SOL,RSI EMA rsi55/45,SL1.5/TP3.0 07-21 hold24,237,33.333333333333336,0.8480798862399352,-26.20745465209964,19.802924160810957,87t -11.4R,66t -13.7R,84t -1.1R,False,False
SOL,RSI EMA rsi55/45,SL1.5/TP3.0 07-21 hold48,235,31.914893617021278,0.822317177885259,-31.06918142991268,20.90042505954263,86t -12.4R,66t -14.1R,83t -4.5R,False,False
SOL,RSI EMA rsi55/45,SL1.5/TP3.0 00-08 hold12,108,37.03703703703704,0.9693528161421772,-3.6990540510915664,13.186270906040171,38t +5.8R,39t -1.3R,31t -8.3R,False,False
SOL,RSI EMA rsi55/45,SL1.5/TP3.0 00-08 hold24,108,35.18518518518518,0.9077007815907305,-7.127246312911225,15.755686460297,38t +2.7R,39t -3.1R,31t -6.7R,False,False
SOL,RSI EMA rsi55/45,SL1.5/TP3.0 00-08 hold48,108,34.25925925925926,0.9066105058759893,-7.900230068690455,15.755686460297,38t +1.5R,39t -1.0R,31t -8.4R,False,False
SOL,RSI EMA rsi55/45,SL1.5/TP3.0 13-21 hold12,141,39.716312056737586,0.8953298497101778,-9.848719199048265,13.832425712878615,57t -4.3R,37t +3.1R,47t -8.7R,False,False
SOL,RSI EMA rsi55/45,SL1.5/TP3.0 13-21 hold24,139,34.53237410071942,0.8867213692972759,-11.606137313339492,16.01014946855653,56t -3.0R,37t +0.8R,46t -9.4R,False,False
SOL,RSI EMA rsi55/45,SL1.5/TP3.0 13-21 hold48,139,33.093525179856115,0.8734658891260866,-13.328536596583936,18.175533666484124,56t -2.1R,37t +0.3R,46t -11.5R,False,False
SOL,RSI EMA rsi55/45,SL1.0/TP2.0 24/7 hold12,453,31.346578366445915,0.7160065571513837,-99.90117938120392,55.11009702410367,161t -24.4R,142t -54.4R,150t -21.1R,False,False
SOL,RSI EMA rsi55/45,SL1.0/TP2.0 24/7 hold24,453,30.242825607064017,0.7236297513542373,-100.15114754067814,53.95297555196522,161t -25.7R,142t -53.2R,150t -21.3R,False,False
SOL,RSI EMA rsi55/45,SL1.0/TP2.0 24/7 hold48,452,30.088495575221238,0.7280800604894416,-98.75050788619423,53.95297555196522,160t -25.1R,142t -53.2R,150t -20.4R,False,False
SOL,RSI EMA rsi55/45,SL1.0/TP2.0 12-18 hold12,171,31.57894736842105,0.721240576885476,-35.94402346329264,18.01573742239387,71t -9.5R,45t -16.8R,55t -9.6R,False,False
SOL,RSI EMA rsi55/45,SL1.0/TP2.0 12-18 hold24,171,30.4093567251462,0.7524354463601121,-33.52820045334672,16.57279993592202,71t -8.0R,45t -16.0R,55t -9.6R,False,False
SOL,RSI EMA rsi55/45,SL1.0/TP2.0 12-18 hold48,171,30.4093567251462,0.7524354463601121,-33.52820045334672,16.57279993592202,71t -8.0R,45t -16.0R,55t -9.6R,False,False
SOL,RSI EMA rsi55/45,SL1.0/TP2.0 07-21 hold12,285,32.280701754385966,0.7529307770881266,-55.691049094299984,33.09737137047034,110t -15.5R,74t -34.4R,101t -5.8R,False,False
SOL,RSI EMA rsi55/45,SL1.0/TP2.0 07-21 hold24,285,30.87719298245614,0.7674403903162542,-54.129233682165186,30.75354344251624,110t -17.4R,74t -32.0R,101t -4.7R,False,False
SOL,RSI EMA rsi55/45,SL1.0/TP2.0 07-21 hold48,285,30.87719298245614,0.7692312593964366,-53.933795707246404,30.75354344251624,110t -18.1R,74t -32.0R,101t -3.9R,False,False
SOL,RSI EMA rsi55/45,SL1.0/TP2.0 00-08 hold12,130,29.23076923076923,0.6760420680475694,-35.11337437002863,23.28700293797373,41t -1.8R,50t -21.5R,39t -11.8R,False,False
SOL,RSI EMA rsi55/45,SL1.0/TP2.0 00-08 hold24,130,29.23076923076923,0.6845372052037091,-34.615816545824764,23.28700293797373,41t -1.8R,50t -21.5R,39t -11.3R,False,False
SOL,RSI EMA rsi55/45,SL1.0/TP2.0 00-08 hold48,130,28.46153846153846,0.6718962522031474,-35.88545389863483,23.28700293797373,41t -3.1R,50t -21.5R,39t -11.3R,False,False
SOL,RSI EMA rsi55/45,SL1.0/TP2.0 13-21 hold12,169,31.952662721893493,0.7237546976150845,-34.74671850462423,20.30589757472189,73t -10.8R,41t -6.9R,55t -17.0R,False,False
SOL,RSI EMA rsi55/45,SL1.0/TP2.0 13-21 hold24,169,30.17751479289941,0.7390623092720309,-34.31006635189613,20.626738706216077,73t -10.1R,41t -8.2R,55t -16.0R,False,False
SOL,RSI EMA rsi55/45,SL1.0/TP2.0 13-21 hold48,169,30.17751479289941,0.7454754913350238,-33.44301419146518,19.759686545785133,73t -10.1R,41t -8.2R,55t -15.2R,False,False
SOL,RSI EMA rsi55/45,SL2.0/TP2.0 24/7 hold12,381,46.981627296587924,0.8183605394972706,-32.964953919074254,20.87001218114921,137t -8.7R,118t -15.6R,126t -8.7R,False,False
SOL,RSI EMA rsi55/45,SL2.0/TP2.0 24/7 hold24,378,48.67724867724868,0.8607165293978969,-27.269657931927533,22.643699866450284,136t -5.6R,116t -14.6R,126t -7.1R,False,False
SOL,RSI EMA rsi55/45,SL2.0/TP2.0 24/7 hold48,375,48.8,0.8540735261312021,-29.654722032622633,22.180002501729916,135t -6.2R,115t -15.8R,125t -7.7R,False,False
SOL,RSI EMA rsi55/45,SL2.0/TP2.0 12-18 hold12,146,45.89041095890411,0.775966682053894,-16.31959019532009,12.708639588347111,57t -1.9R,41t -6.3R,48t -8.0R,False,False
SOL,RSI EMA rsi55/45,SL2.0/TP2.0 12-18 hold24,145,47.58620689655172,0.8608414259759966,-11.599471837969405,14.041065022607983,57t +1.5R,40t -4.7R,48t -8.4R,False,False
SOL,RSI EMA rsi55/45,SL2.0/TP2.0 12-18 hold48,145,46.89655172413793,0.8244338034067051,-14.475393577839435,14.148764385750576,57t -0.9R,40t -5.1R,48t -8.5R,False,False
SOL,RSI EMA rsi55/45,SL2.0/TP2.0 07-21 hold12,241,46.47302904564315,0.8035512993200015,-24.35427638832796,17.119660528791762,92t -2.2R,63t -15.7R,86t -6.4R,False,False
SOL,RSI EMA rsi55/45,SL2.0/TP2.0 07-21 hold24,239,48.53556485355649,0.8878263155369166,-15.568496123146764,16.161721295847297,91t +1.8R,62t -13.2R,86t -4.1R,False,False
SOL,RSI EMA rsi55/45,SL2.0/TP2.0 07-21 hold48,238,49.15966386554622,0.8872734221277393,-16.666100917051544,16.321877064867984,90t +3.1R,62t -15.1R,86t -4.6R,False,False
SOL,RSI EMA rsi55/45,SL2.0/TP2.0 00-08 hold12,105,46.666666666666664,0.8508867436626317,-7.418282436505227,10.972435551861432,36t -1.9R,38t -3.2R,31t -2.3R,False,False
SOL,RSI EMA rsi55/45,SL2.0/TP2.0 00-08 hold24,105,49.523809523809526,0.8567149242695109,-7.896784201166162,12.734957388711612,36t -1.3R,38t -4.4R,31t -2.2R,False,False
SOL,RSI EMA rsi55/45,SL2.0/TP2.0 00-08 hold48,105,47.61904761904762,0.8036239771499584,-11.421756457194789,12.794775291290106,36t -3.8R,38t -4.5R,31t -3.2R,False,False
SOL,RSI EMA rsi55/45,SL2.0/TP2.0 13-21 hold12,138,47.10144927536232,0.8544637490291722,-11.0100562088093,13.142395298855591,58t -0.8R,36t +0.6R,44t -10.8R,False,False
SOL,RSI EMA rsi55/45,SL2.0/TP2.0 13-21 hold24,137,49.63503649635037,0.9435587922064134,-4.893209173905837,12.123139069962734,58t +1.7R,35t +0.8R,44t -7.4R,False,False
SOL,RSI EMA rsi55/45,SL2.0/TP2.0 13-21 hold48,137,48.90510948905109,0.8977349729146946,-8.363933119463654,12.8560100610753,58t -0.6R,35t +0.3R,44t -8.1R,False,False
SOL,RSI EMA rsi55/45,SL1.0/TP1.0 24/7 hold12,502,43.02788844621514,0.60162692168802,-129.13039048710866,53.65038828721303,186t -31.8R,155t -53.9R,161t -43.4R,False,False
SOL,RSI EMA rsi55/45,SL1.0/TP1.0 24/7 hold24,502,43.22709163346614,0.6059437643515351,-127.84839603331086,52.85178399075906,186t -31.3R,155t -53.1R,161t -43.4R,False,False
SOL,RSI EMA rsi55/45,SL1.0/TP1.0 24/7 hold48,502,43.22709163346614,0.6059437643515351,-127.84839603331086,52.85178399075906,186t -31.3R,155t -53.1R,161t -43.4R,False,False
SOL,RSI EMA rsi55/45,SL1.0/TP1.0 12-18 hold12,195,41.53846153846154,0.5943408785460378,-52.77892445899264,24.736895759131155,80t -10.7R,52t -20.8R,63t -21.3R,False,False
SOL,RSI EMA rsi55/45,SL1.0/TP1.0 12-18 hold24,195,42.05128205128205,0.6001174656856568,-51.98032016253866,24.736895759131155,80t -10.7R,52t -20.0R,63t -21.3R,False,False
SOL,RSI EMA rsi55/45,SL1.0/TP1.0 12-18 hold48,195,42.05128205128205,0.6001174656856568,-51.98032016253866,24.736895759131155,80t -10.7R,52t -20.0R,63t -21.3R,False,False
SOL,RSI EMA rsi55/45,SL1.0/TP1.0 07-21 hold12,321,40.49844236760124,0.5508008100367211,-97.18558598995716,40.377020309852014,129t -29.5R,82t -38.1R,110t -29.6R,False,False
SOL,RSI EMA rsi55/45,SL1.0/TP1.0 07-21 hold24,321,40.809968847352025,0.5583448278242495,-95.55184650929613,39.57841601339804,129t -28.7R,82t -37.3R,110t -29.6R,False,False
SOL,RSI EMA rsi55/45,SL1.0/TP1.0 07-21 hold48,321,40.809968847352025,0.5583448278242495,-95.55184650929613,39.57841601339804,129t -28.7R,82t -37.3R,110t -29.6R,False,False
SOL,RSI EMA rsi55/45,SL1.0/TP1.0 00-08 hold12,138,44.92753623188405,0.6748587600891259,-31.260067395095792,21.217315928080914,46t -0.1R,52t -21.8R,40t -9.4R,False,False
SOL,RSI EMA rsi55/45,SL1.0/TP1.0 00-08 hold24,138,44.92753623188405,0.6698000773835633,-31.61181242195903,21.217315928080914,46t -0.5R,52t -21.8R,40t -9.4R,False,False
SOL,RSI EMA rsi55/45,SL1.0/TP1.0 00-08 hold48,138,44.92753623188405,0.6698000773835633,-31.61181242195903,21.217315928080914,46t -0.5R,52t -21.8R,40t -9.4R,False,False
SOL,RSI EMA rsi55/45,SL1.0/TP1.0 13-21 hold12,189,41.26984126984127,0.5883292199617199,-52.02892913406937,25.82161569024202,84t -12.8R,48t -16.9R,57t -22.3R,False,False
SOL,RSI EMA rsi55/45,SL1.0/TP1.0 13-21 hold24,189,41.26984126984127,0.5871877628300852,-52.33604340725587,25.82161569024202,84t -12.8R,48t -17.2R,57t -22.3R,False,False
SOL,RSI EMA rsi55/45,SL1.0/TP1.0 13-21 hold48,189,41.26984126984127,0.5871877628300852,-52.33604340725587,25.82161569024202,84t -12.8R,48t -17.2R,57t -22.3R,False,False
SOL,RSI EMA rsi55/45,SL2.0/TP4.0 24/7 hold12,334,40.119760479041915,0.9384710140197303,-10.652855371013105,17.173346814610888,118t -1.2R,106t -7.9R,110t -1.6R,False,False
SOL,RSI EMA rsi55/45,SL2.0/TP4.0 24/7 hold24,325,36.61538461538461,0.8873099866325237,-22.750321935794727,25.102628326221108,113t -8.0R,104t -13.1R,108t -1.7R,False,False
SOL,RSI EMA rsi55/45,SL2.0/TP4.0 24/7 hold48,316,31.962025316455698,0.8097715950429498,-43.27567316530294,26.97377851400745,109t -23.5R,102t -14.6R,105t -5.2R,False,False
SOL,RSI EMA rsi55/45,SL2.0/TP4.0 12-18 hold12,130,39.23076923076923,0.7813114929423883,-15.778473868430295,12.665794700507655,50t -1.9R,38t -4.1R,42t -9.8R,False,False
SOL,RSI EMA rsi55/45,SL2.0/TP4.0 12-18 hold24,124,33.87096774193548,0.7467353688908887,-20.63372420522949,17.417834770513906,47t -4.3R,37t -5.1R,40t -11.2R,False,False
SOL,RSI EMA rsi55/45,SL2.0/TP4.0 12-18 hold48,124,25.806451612903224,0.6181494253315042,-36.13334804273765,20.064846956987925,47t -12.0R,37t -9.9R,40t -14.3R,False,False
SOL,RSI EMA rsi55/45,SL2.0/TP4.0 07-21 hold12,212,40.094339622641506,0.9189117167829288,-10.097592197478264,14.484238021511338,80t -4.5R,58t -11.0R,74t +5.5R,False,False
SOL,RSI EMA rsi55/45,SL2.0/TP4.0 07-21 hold24,204,36.76470588235294,0.8964129263871186,-14.455780169740194,17.264357556758533,75t -5.1R,57t -13.8R,72t +4.5R,False,False
SOL,RSI EMA rsi55/45,SL2.0/TP4.0 07-21 hold48,201,31.34328358208955,0.8098868418050925,-28.88760787484906,19.801477357507725,73t -11.0R,57t -19.0R,71t +1.1R,False,False
SOL,RSI EMA rsi55/45,SL2.0/TP4.0 00-08 hold12,90,37.77777777777778,0.9876028515743118,-3.375063859815529,9.71125389778291,29t +7.0R,33t -4.0R,28t -6.3R,False,False
SOL,RSI EMA rsi55/45,SL2.0/TP4.0 00-08 hold24,90,34.44444444444444,0.8750245141153669,-7.805351775154552,16.293818110718366,29t +2.3R,33t -5.3R,28t -4.8R,False,False
SOL,RSI EMA rsi55/45,SL2.0/TP4.0 00-08 hold48,88,34.09090909090909,0.8857230604865556,-7.105938570337435,16.252880959034908,29t -3.5R,31t -0.5R,28t -3.2R,False,False
SOL,RSI EMA rsi55/45,SL2.0/TP4.0 13-21 hold12,124,41.12903225806452,0.9412901279864166,-4.675546451322878,8.540965246570657,50t -0.6R,34t +2.2R,40t -6.3R,False,False
SOL,RSI EMA rsi55/45,SL2.0/TP4.0 13-21 hold24,121,38.01652892561984,0.9056871201564116,-6.763714444707157,8.686375896611953,49t -0.7R,33t -2.7R,39t -3.4R,False,False
SOL,RSI EMA rsi55/45,SL2.0/TP4.0 13-21 hold48,121,30.57851239669421,0.7621049656799699,-20.317688413731293,13.107069153410624,49t -6.7R,33t -7.8R,39t -5.8R,False,False
SOL,RSI EMA rsi50/50,SL1.5/TP1.5 24/7 hold12,505,45.54455445544554,0.7254276853975331,-78.44769874853935,40.25360420346039,182t -19.6R,161t -39.3R,162t -19.6R,False,False
SOL,RSI EMA rsi50/50,SL1.5/TP1.5 24/7 hold24,504,45.23809523809524,0.7106318825897898,-86.44693906665897,42.078273278399564,181t -22.0R,161t -41.1R,162t -23.4R,False,False
SOL,RSI EMA rsi50/50,SL1.5/TP1.5 24/7 hold48,503,45.72564612326044,0.7199029450952799,-83.77218316587238,41.17011588472389,180t -21.1R,161t -40.2R,162t -22.5R,False,False
SOL,RSI EMA rsi50/50,SL1.5/TP1.5 12-18 hold12,202,46.039603960396036,0.7531010582852019,-29.56985971017638,20.609888317302172,80t -2.3R,57t -8.4R,65t -18.8R,False,False
SOL,RSI EMA rsi50/50,SL1.5/TP1.5 12-18 hold24,202,44.554455445544555,0.7094602898803308,-36.1615310215876,21.45863605387198,80t -6.5R,57t -9.1R,65t -20.6R,False,False
SOL,RSI EMA rsi50/50,SL1.5/TP1.5 12-18 hold48,202,44.554455445544555,0.7065792861994478,-36.912574499591045,22.209679531875427,80t -6.5R,57t -9.1R,65t -21.3R,False,False
SOL,RSI EMA rsi50/50,SL1.5/TP1.5 07-21 hold12,324,44.75308641975309,0.7099653515167191,-54.13238532013316,26.329494622179936,125t -10.8R,89t -22.4R,110t -20.9R,False,False
SOL,RSI EMA rsi50/50,SL1.5/TP1.5 07-21 hold24,323,44.27244582043344,0.698261222439025,-58.634991021898145,26.475047145445743,124t -12.6R,89t -23.9R,110t -22.2R,False,False
SOL,RSI EMA rsi50/50,SL1.5/TP1.5 07-21 hold48,323,44.89164086687307,0.701272623423035,-58.23022662803151,26.197264021580025,124t -13.3R,89t -23.0R,110t -21.9R,False,False
SOL,RSI EMA rsi50/50,SL1.5/TP1.5 00-08 hold12,136,45.588235294117645,0.7539209209463495,-20.29519426583884,15.155150098929225,48t -5.6R,47t -14.5R,41t -0.3R,False,False
SOL,RSI EMA rsi50/50,SL1.5/TP1.5 00-08 hold24,136,47.05882352941177,0.758946365209622,-20.142795818684643,15.617745634592456,48t -5.2R,47t -13.7R,41t -1.3R,False,False
SOL,RSI EMA rsi50/50,SL1.5/TP1.5 00-08 hold48,136,47.05882352941177,0.7682414393515674,-19.5226970000148,15.617745634592456,48t -5.2R,47t -13.7R,41t -0.7R,False,False
SOL,RSI EMA rsi50/50,SL1.5/TP1.5 13-21 hold12,194,45.876288659793815,0.7581342046683214,-28.241254771447803,22.414244053707364,83t -6.7R,51t -1.7R,60t -19.8R,False,False
SOL,RSI EMA rsi50/50,SL1.5/TP1.5 13-21 hold24,194,43.81443298969072,0.7033195806040952,-35.89511453988287,22.523104645066777,83t -11.5R,51t -3.4R,60t -21.0R,False,False
SOL,RSI EMA rsi50/50,SL1.5/TP1.5 13-21 hold48,194,44.329896907216494,0.7094183068355651,-35.73800062421064,23.274148123070223,83t -11.5R,51t -2.5R,60t -21.8R,False,False
SOL,RSI EMA rsi50/50,SL1.5/TP3.0 24/7 hold12,446,36.32286995515695,0.8348160931438429,-48.07554856877081,33.46673136083734,158t -15.1R,146t -28.4R,142t -4.6R,False,False
SOL,RSI EMA rsi50/50,SL1.5/TP3.0 24/7 hold24,438,34.018264840182646,0.8582341066548066,-44.51952587624299,33.841653272666306,154t -13.5R,146t -26.4R,138t -4.6R,False,False
SOL,RSI EMA rsi50/50,SL1.5/TP3.0 24/7 hold48,434,32.02764976958525,0.8104870666479367,-60.383958450860135,33.487855027604425,151t -17.1R,146t -24.1R,137t -19.2R,False,False
SOL,RSI EMA rsi50/50,SL1.5/TP3.0 12-18 hold12,176,38.06818181818182,0.857451152326636,-15.702385958491679,14.266238323546414,70t -1.3R,50t -7.4R,56t -7.0R,False,False
SOL,RSI EMA rsi50/50,SL1.5/TP3.0 12-18 hold24,170,34.705882352941174,0.8951612429209218,-12.605984694074472,16.674635378346686,68t +0.1R,50t -5.5R,52t -7.2R,False,False
SOL,RSI EMA rsi50/50,SL1.5/TP3.0 12-18 hold48,170,32.94117647058823,0.8628891683990437,-17.82249658123358,21.961098988672504,68t +0.1R,50t -4.3R,52t -13.6R,False,False
SOL,RSI EMA rsi50/50,SL1.5/TP3.0 07-21 hold12,282,36.87943262411348,0.8302953077007463,-31.409285770823423,20.83575988957455,107t -13.2R,79t -19.2R,96t +1.1R,False,False
SOL,RSI EMA rsi50/50,SL1.5/TP3.0 07-21 hold24,274,34.306569343065696,0.8908092192618143,-22.306941813136405,19.176437564819643,103t -10.3R,79t -16.0R,92t +4.0R,False,False
SOL,RSI EMA rsi50/50,SL1.5/TP3.0 07-21 hold48,272,32.720588235294116,0.8438244447405947,-31.307724072758823,20.413783479951142,102t -11.4R,79t -15.8R,91t -4.1R,False,False
SOL,RSI EMA rsi50/50,SL1.5/TP3.0 00-08 hold12,125,36.0,0.9237171419869803,-6.692073712322714,12.616843586064629,42t +4.3R,46t -4.5R,37t -6.5R,False,False
SOL,RSI EMA rsi50/50,SL1.5/TP3.0 00-08 hold24,125,35.2,0.9300688592977585,-6.652157463830238,16.428312271440404,42t +5.1R,46t -4.7R,37t -7.0R,False,False
SOL,RSI EMA rsi50/50,SL1.5/TP3.0 00-08 hold48,125,34.4,0.9161786743881947,-8.350600448690212,16.428312271440404,42t +3.2R,46t -2.6R,37t -9.0R,False,False
SOL,RSI EMA rsi50/50,SL1.5/TP3.0 13-21 hold12,167,38.32335329341317,0.8606424370347772,-14.64671972532429,13.978713362267682,68t -5.6R,45t -0.3R,54t -8.8R,False,False
SOL,RSI EMA rsi50/50,SL1.5/TP3.0 13-21 hold24,165,33.93939393939394,0.8620703201565021,-16.020211870463566,16.07742645670608,67t -5.6R,45t -1.9R,53t -8.5R,False,False
SOL,RSI EMA rsi50/50,SL1.5/TP3.0 13-21 hold48,165,32.72727272727273,0.8417378703440523,-19.429434498928064,20.561292794174605,67t -4.7R,45t -1.7R,53t -13.0R,False,False
SOL,RSI EMA rsi50/50,SL1.0/TP2.0 24/7 hold12,520,30.96153846153846,0.713101439833118,-116.86354638250194,67.199641382376,181t -31.8R,169t -64.8R,170t -20.3R,False,False
SOL,RSI EMA rsi50/50,SL1.0/TP2.0 24/7 hold24,520,30.192307692307693,0.7265440698367114,-114.15271536698384,66.04251991023753,181t -30.8R,169t -63.6R,170t -19.8R,False,False
SOL,RSI EMA rsi50/50,SL1.0/TP2.0 24/7 hold48,519,30.2504816955684,0.7330561352324834,-111.48243835968987,66.04251991023753,180t -29.0R,169t -63.6R,170t -18.9R,False,False
SOL,RSI EMA rsi50/50,SL1.0/TP2.0 12-18 hold12,206,32.03883495145631,0.7444368897895003,-39.094522882284636,18.8629254031327,85t -12.9R,57t -15.7R,64t -10.5R,False,False
SOL,RSI EMA rsi50/50,SL1.0/TP2.0 12-18 hold24,206,31.067961165048544,0.7691561080442453,-36.67869987233872,16.68313269022832,85t -11.3R,57t -14.9R,64t -10.5R,False,False
SOL,RSI EMA rsi50/50,SL1.0/TP2.0 12-18 hold48,206,31.067961165048544,0.7691561080442453,-36.67869987233872,16.68313269022832,85t -11.3R,57t -14.9R,64t -10.5R,False,False
SOL,RSI EMA rsi50/50,SL1.0/TP2.0 07-21 hold12,330,32.121212121212125,0.7537530162844911,-64.23776714037248,39.85382706402484,127t -21.0R,90t -38.3R,113t -4.9R,False,False
SOL,RSI EMA rsi50/50,SL1.0/TP2.0 07-21 hold24,330,31.21212121212121,0.77651078910494,-59.94618418009414,37.509999136070746,127t -20.9R,90t -36.0R,113t -3.1R,False,False
SOL,RSI EMA rsi50/50,SL1.0/TP2.0 07-21 hold48,330,31.21212121212121,0.7781207406244711,-59.75074620517537,37.509999136070746,127t -21.6R,90t -36.0R,113t -2.2R,False,False
SOL,RSI EMA rsi50/50,SL1.0/TP2.0 00-08 hold12,147,28.571428571428573,0.6615681941653313,-40.7699648205724,23.15358771258695,45t -4.7R,56t -22.3R,46t -13.8R,False,False
SOL,RSI EMA rsi50/50,SL1.0/TP2.0 00-08 hold24,147,28.571428571428573,0.6714271854380549,-40.041375369519756,23.15358771258695,45t -4.5R,56t -22.3R,46t -13.3R,False,False
SOL,RSI EMA rsi50/50,SL1.0/TP2.0 00-08 hold48,147,28.571428571428573,0.6714271854380549,-40.041375369519756,23.15358771258695,45t -4.5R,56t -22.3R,46t -13.3R,False,False
SOL,RSI EMA rsi50/50,SL1.0/TP2.0 13-21 hold12,201,31.840796019900495,0.7287935180501368,-40.57727933657901,20.3982969769478,86t -15.9R,52t -7.9R,63t -16.8R,False,False
SOL,RSI EMA rsi50/50,SL1.0/TP2.0 13-21 hold24,201,30.348258706467657,0.7408170083079344,-40.14062718385091,21.238262717728052,86t -15.2R,52t -9.2R,63t -15.8R,False,False
SOL,RSI EMA rsi50/50,SL1.0/TP2.0 13-21 hold48,201,30.348258706467657,0.746318709255694,-39.273575023419966,20.371210557297108,86t -15.2R,52t -9.2R,63t -14.9R,False,False
SOL,RSI EMA rsi50/50,SL2.0/TP2.0 24/7 hold12,439,45.558086560364465,0.7823094638068909,-47.086393497320564,26.06293991457878,152t -13.9R,144t -25.7R,143t -7.5R,False,False
SOL,RSI EMA rsi50/50,SL2.0/TP2.0 24/7 hold24,435,48.04597701149425,0.8351609599450028,-38.2633278308642,27.19216485633522,151t -5.6R,141t -22.5R,143t -10.2R,False,False
SOL,RSI EMA rsi50/50,SL2.0/TP2.0 24/7 hold48,432,48.611111111111114,0.8401337186368265,-38.08926884895884,27.08423006695519,150t -5.9R,140t -22.5R,142t -9.7R,False,False
SOL,RSI EMA rsi50/50,SL2.0/TP2.0 12-18 hold12,174,44.827586206896555,0.7360832602974077,-23.23126171117139,13.237037580216214,66t -4.4R,51t -9.3R,57t -9.6R,False,False
SOL,RSI EMA rsi50/50,SL2.0/TP2.0 12-18 hold24,173,46.24277456647399,0.7887615436191158,-21.22524047569636,15.758939787544548,66t -0.4R,50t -8.9R,57t -12.0R,False,False
SOL,RSI EMA rsi50/50,SL2.0/TP2.0 12-18 hold48,173,45.664739884393065,0.7651460260148798,-23.778576468389844,15.661313477889237,66t -2.3R,50t -9.6R,57t -11.9R,False,False
SOL,RSI EMA rsi50/50,SL2.0/TP2.0 07-21 hold12,278,45.68345323741007,0.7734628804258915,-31.96905861452924,20.481043881176404,104t -6.0R,77t -18.7R,97t -7.3R,False,False
SOL,RSI EMA rsi50/50,SL2.0/TP2.0 07-21 hold24,276,47.82608695652174,0.8524197644243331,-23.214168349222728,19.542696480836657,103t +0.9R,76t -16.8R,97t -7.3R,False,False
SOL,RSI EMA rsi50/50,SL2.0/TP2.0 07-21 hold48,275,49.09090909090909,0.8690612546884064,-21.72029518434546,20.138223454723903,102t +2.5R,76t -18.0R,97t -6.2R,False,False
SOL,RSI EMA rsi50/50,SL2.0/TP2.0 00-08 hold12,121,44.62809917355372,0.8138228054334884,-11.110024846770512,11.257065099602576,40t -3.7R,45t -6.3R,36t -1.2R,False,False
SOL,RSI EMA rsi50/50,SL2.0/TP2.0 00-08 hold24,121,49.586776859504134,0.8725265970772162,-8.401836749807547,13.772604120422075,40t +0.6R,45t -5.9R,36t -3.1R,False,False
SOL,RSI EMA rsi50/50,SL2.0/TP2.0 00-08 hold48,121,47.93388429752066,0.8151613552077545,-12.464396197167163,13.832422023000571,40t -2.0R,45t -6.0R,36t -4.5R,False,False
SOL,RSI EMA rsi50/50,SL2.0/TP2.0 13-21 hold12,163,45.39877300613497,0.7831355764602138,-18.154748358902285,14.58346545827284,66t -3.6R,45t -2.4R,52t -12.2R,False,False
SOL,RSI EMA rsi50/50,SL2.0/TP2.0 13-21 hold24,162,47.53086419753087,0.8373000474903046,-14.310504704673592,14.593814540768545,66t -1.0R,44t -3.3R,52t -9.9R,False,False
SOL,RSI EMA rsi50/50,SL2.0/TP2.0 13-21 hold48,162,47.53086419753087,0.8198035057501742,-16.52744985779805,14.22690447798307,66t -2.9R,44t -3.1R,52t -10.5R,False,False
SOL,RSI EMA rsi50/50,SL1.0/TP1.0 24/7 hold12,576,43.05555555555556,0.5975622519132217,-148.92545318222818,60.21021212446586,209t -39.0R,184t -59.8R,183t -50.1R,False,False
SOL,RSI EMA rsi50/50,SL1.0/TP1.0 24/7 hold24,576,43.229166666666664,0.6013649442659629,-147.6434587284304,59.41160782801189,209t -38.5R,184t -59.0R,183t -50.1R,False,False
SOL,RSI EMA rsi50/50,SL1.0/TP1.0 24/7 hold48,576,43.229166666666664,0.6013649442659629,-147.6434587284304,59.41160782801189,209t -38.5R,184t -59.0R,183t -50.1R,False,False
SOL,RSI EMA rsi50/50,SL1.0/TP1.0 12-18 hold12,235,42.97872340425532,0.6208731671934422,-57.64497976340718,27.702993572971014,96t -12.3R,66t -21.2R,73t -24.2R,False,False
SOL,RSI EMA rsi50/50,SL1.0/TP1.0 12-18 hold24,235,43.40425531914894,0.6260110588702695,-56.846375466953205,27.702993572971014,96t -12.3R,66t -20.4R,73t -24.2R,False,False
SOL,RSI EMA rsi50/50,SL1.0/TP1.0 12-18 hold48,235,43.40425531914894,0.6260110588702695,-56.846375466953205,27.702993572971014,96t -12.3R,66t -20.4R,73t -24.2R,False,False
SOL,RSI EMA rsi50/50,SL1.0/TP1.0 07-21 hold12,372,41.66666666666667,0.5695718726481203,-104.94171615703932,41.90577347689267,148t -34.2R,101t -38.7R,123t -32.0R,False,False
SOL,RSI EMA rsi50/50,SL1.0/TP1.0 07-21 hold24,372,41.935483870967744,0.5762630778302172,-103.30797667637827,41.10716918043868,148t -33.4R,101t -37.9R,123t -32.0R,False,False
SOL,RSI EMA rsi50/50,SL1.0/TP1.0 07-21 hold48,372,41.935483870967744,0.5762630778302172,-103.30797667637827,41.10716918043868,148t -33.4R,101t -37.9R,123t -32.0R,False,False
SOL,RSI EMA rsi50/50,SL1.0/TP1.0 00-08 hold12,155,43.87096774193548,0.6286379756405946,-38.41579891138562,22.999634591358937,51t -3.6R,57t -21.4R,47t -13.4R,False,False
SOL,RSI EMA rsi50/50,SL1.0/TP1.0 00-08 hold24,155,43.87096774193548,0.6249868615658319,-38.767543938248856,22.999634591358937,51t -4.0R,57t -21.4R,47t -13.4R,False,False
SOL,RSI EMA rsi50/50,SL1.0/TP1.0 00-08 hold48,155,43.87096774193548,0.6249868615658319,-38.767543938248856,22.999634591358937,51t -4.0R,57t -21.4R,47t -13.4R,False,False
SOL,RSI EMA rsi50/50,SL1.0/TP1.0 13-21 hold12,224,41.964285714285715,0.597841537615495,-59.34348260814164,29.653022879939527,97t -14.8R,61t -18.3R,66t -26.2R,False,False
SOL,RSI EMA rsi50/50,SL1.0/TP1.0 13-21 hold24,224,41.964285714285715,0.596717819434696,-59.65059688132815,29.653022879939527,97t -14.8R,61t -18.6R,66t -26.2R,False,False
SOL,RSI EMA rsi50/50,SL1.0/TP1.0 13-21 hold48,224,41.964285714285715,0.596717819434696,-59.65059688132815,29.653022879939527,97t -14.8R,61t -18.6R,66t -26.2R,False,False
SOL,RSI EMA rsi50/50,SL2.0/TP4.0 24/7 hold12,387,39.79328165374677,0.9524676479980195,-10.499654235673438,19.457496791599965,132t +1.9R,130t -14.9R,125t +2.5R,False,False
SOL,RSI EMA rsi50/50,SL2.0/TP4.0 24/7 hold24,374,37.967914438502675,0.9405947536554051,-15.501391207407634,28.357632228008395,128t +0.8R,126t -20.3R,120t +4.0R,False,False
SOL,RSI EMA rsi50/50,SL2.0/TP4.0 24/7 hold48,365,33.42465753424658,0.8530849847290509,-37.7602186050553,27.782726108575076,124t -15.5R,124t -18.8R,117t -3.4R,False,False
SOL,RSI EMA rsi50/50,SL2.0/TP4.0 12-18 hold12,155,39.354838709677416,0.8619419548768524,-12.363495035725295,13.360364908705932,58t +2.7R,47t -4.0R,50t -11.0R,False,False
SOL,RSI EMA rsi50/50,SL2.0/TP4.0 12-18 hold24,147,36.734693877551024,0.8867505165462993,-11.809588487979454,16.579949721738323,56t +2.5R,46t -4.0R,45t -10.3R,False,False
SOL,RSI EMA rsi50/50,SL2.0/TP4.0 12-18 hold48,147,29.931972789115648,0.7509824323766212,-27.349085299987816,20.570252229147396,56t -5.4R,46t -7.2R,45t -14.8R,False,False
SOL,RSI EMA rsi50/50,SL2.0/TP4.0 07-21 hold12,246,40.24390243902439,0.9445778888134326,-8.143924495660524,14.62320002556399,91t -1.4R,71t -11.2R,84t +4.5R,False,False
SOL,RSI EMA rsi50/50,SL2.0/TP4.0 07-21 hold24,235,38.297872340425535,0.9683715362128988,-6.478242293646319,18.555813990659015,87t +0.5R,69t -13.9R,79t +6.9R,False,False
SOL,RSI EMA rsi50/50,SL2.0/TP4.0 07-21 hold48,232,33.62068965517241,0.8686413226804688,-22.483639346547392,22.283099723768665,85t -5.8R,69t -18.6R,78t +1.9R,False,False
SOL,RSI EMA rsi50/50,SL2.0/TP4.0 00-08 hold12,104,37.5,0.9887424318119739,-2.321186006710331,10.138705312842166,33t +6.6R,39t -6.8R,32t -2.1R,False,False
SOL,RSI EMA rsi50/50,SL2.0/TP4.0 00-08 hold24,104,36.53846153846154,0.9488948328296092,-5.987204880595038,18.365202617528375,33t +6.3R,39t -9.7R,32t -2.7R,False,False
SOL,RSI EMA rsi50/50,SL2.0/TP4.0 00-08 hold48,102,35.294117647058826,0.9265561332302967,-5.315151835270063,16.48481384520941,33t -0.0R,37t -3.8R,32t -1.4R,False,False
SOL,RSI EMA rsi50/50,SL2.0/TP4.0 13-21 hold12,147,39.45578231292517,0.9275783894746865,-6.455468563754744,9.84676348615146,58t -0.4R,42t +1.3R,47t -7.3R,False,False
SOL,RSI EMA rsi50/50,SL2.0/TP4.0 13-21 hold24,144,38.19444444444444,0.9338214504240744,-5.764508505294109,11.649822300124683,57t +0.2R,41t -2.5R,46t -3.5R,False,False
SOL,RSI EMA rsi50/50,SL2.0/TP4.0 13-21 hold48,144,31.944444444444443,0.7789765464553098,-22.34519991235574,14.665139855310942,57t -8.1R,41t -7.1R,46t -7.1R,False,False
SOL,MACD H1,SL1.5/TP3.0 hold24,98,34.69387755102041,0.9725876591145948,-2.465542497558162,17.85495654039812,34t +4.5R,36t -5.9R,28t -1.1R,False,False
SOL,MACD H1,SL1.5/TP3.0 hold48,95,34.73684210526316,0.9769103790919073,-1.680754551139041,17.330583998566123,34t +1.2R,34t -3.6R,27t +0.7R,False,False
SOL,MACD H1,SL1.5/TP1.5 hold24,101,45.54455445544554,0.8146008614855251,-10.35329784197797,13.968325615585243,35t -1.4R,36t -5.5R,30t -3.4R,False,False
SOL,MACD H1,SL1.5/TP1.5 hold48,101,46.53465346534654,0.8249112285860647,-9.866060744705885,13.968325615585243,35t -1.8R,36t -5.3R,30t -2.8R,False,False
SOL,MACD H1,SL1.0/TP2.0 hold24,105,36.19047619047619,1.1220839237682858,5.01572383390916,18.455585609514905,36t +4.8R,37t -9.6R,32t +9.7R,False,False
SOL,MACD H1,SL1.0/TP2.0 hold48,104,38.46153846153846,1.2261037618226733,11.569340407201008,17.733174714573252,36t +4.8R,37t -6.1R,31t +12.8R,False,False
SOL,MACD H1,SL2.0/TP4.0 hold24,90,37.77777777777778,1.0467988512730377,1.845956703470026,11.70177847851387,33t +2.4R,30t -3.6R,27t +3.1R,False,False
SOL,MACD H1,SL2.0/TP4.0 hold48,82,37.80487804878049,1.100564650443577,3.8284979049934265,13.607466528072772,30t +6.1R,28t -3.8R,24t +1.6R,False,False
SOL,MACD H1,SL1.0/TP1.0 hold24,107,52.33644859813084,1.0965173934236752,1.4240158942676993,9.731318723496752,36t -1.2R,39t -5.2R,32t +7.7R,False,False
SOL,MACD H1,SL1.0/TP1.0 hold48,107,53.271028037383175,1.1247582455364935,2.4603865186283795,9.731318723496752,36t -1.2R,39t -5.2R,32t +8.8R,False,False
SOL,MACD M15,SL1.5/TP3.0 hold48,406,31.527093596059114,0.8194656495408346,-54.60589972083953,44.64205131703906,134t -9.0R,133t -6.7R,139t -38.9R,False,False
SOL,MACD M15,SL1.5/TP3.0 hold96,394,30.96446700507614,0.8223286980099223,-52.1362655651008,39.50432802883361,130t -9.9R,133t -8.4R,131t -33.8R,False,False
SOL,MACD M15,SL1.5/TP1.5 hold48,440,48.63636363636363,0.8443666332564242,-37.58758212109692,22.238136537766128,147t -7.6R,146t -11.4R,147t -18.5R,False,False
SOL,MACD M15,SL1.5/TP1.5 hold96,437,48.2837528604119,0.8352882135581129,-39.852403503351,24.502957920020204,147t -7.6R,146t -11.4R,144t -20.8R,False,False
SOL,MACD M15,SL1.0/TP2.0 hold48,477,30.18867924528302,0.7602159829008222,-89.23945100192404,51.68424377802268,155t -8.4R,161t -41.6R,161t -39.3R,False,False
SOL,MACD M15,SL1.0/TP2.0 hold96,477,29.979035639413,0.7570458342950639,-90.39343981949884,51.68424377802268,155t -9.6R,161t -41.6R,161t -39.3R,False,False
SOL,MACD M15,SL2.0/TP4.0 hold48,330,33.63636363636363,0.8991959092212904,-25.12802103778913,35.72949737879168,105t +3.3R,114t -0.4R,111t -28.1R,False,False
SOL,MACD M15,SL2.0/TP4.0 hold96,309,32.362459546925564,0.8914148771254613,-24.80188022200885,31.092933624967927,99t +2.6R,106t -4.0R,104t -23.4R,False,False
SOL,MACD M15,SL1.0/TP1.0 hold48,496,46.37096774193548,0.7312436534786428,-80.24897874495622,44.46024761638388,161t -9.9R,169t -38.6R,166t -31.7R,False,False
SOL,MACD M15,SL1.0/TP1.0 hold96,496,46.37096774193548,0.7312436534786428,-80.24897874495622,44.46024761638388,161t -9.9R,169t -38.6R,166t -31.7R,False,False
BTC,RSI EMA rsi55/45,SL1.5/TP1.5 24/7 hold12,575,45.04347826086956,0.5971350602212951,-148.15186434008578,79.21469501062931,186t -24.3R,196t -71.6R,193t -52.2R,False,False
BTC,RSI EMA rsi55/45,SL1.5/TP1.5 24/7 hold24,575,44.869565217391305,0.5923782682077728,-156.68260989748651,80.19170122509112,186t -24.4R,196t -75.8R,193t -56.5R,False,False
BTC,RSI EMA rsi55/45,SL1.5/TP1.5 24/7 hold48,575,45.04347826086956,0.5919382947238895,-158.05658183778502,80.907874549861,186t -25.8R,196t -76.5R,193t -55.8R,False,False
BTC,RSI EMA rsi55/45,SL1.5/TP1.5 12-18 hold12,233,51.502145922746784,0.7990014754597478,-24.670858393400348,17.918168516394097,80t -7.9R,87t -6.6R,66t -10.2R,False,False
BTC,RSI EMA rsi55/45,SL1.5/TP1.5 12-18 hold24,233,50.21459227467811,0.7588275274385604,-31.85753240113619,19.795485490572187,80t -8.8R,87t -9.1R,66t -14.0R,False,False
BTC,RSI EMA rsi55/45,SL1.5/TP1.5 12-18 hold48,233,50.64377682403433,0.7596285910063573,-32.033168563182585,18.875013616777927,80t -8.8R,87t -9.4R,66t -13.8R,False,False
BTC,RSI EMA rsi55/45,SL1.5/TP1.5 07-21 hold12,376,46.808510638297875,0.6291149127037173,-82.56004046231409,36.46943934313605,126t -25.2R,127t -28.2R,123t -29.1R,False,False
BTC,RSI EMA rsi55/45,SL1.5/TP1.5 07-21 hold24,376,46.808510638297875,0.6274749376316155,-86.95686847806581,38.386118115852646,126t -25.4R,127t -29.5R,123t -32.0R,False,False
BTC,RSI EMA rsi55/45,SL1.5/TP1.5 07-21 hold48,376,47.07446808510638,0.6332437899051985,-86.03722914057658,36.88311346823111,126t -24.9R,127t -29.9R,123t -31.3R,False,False
BTC,RSI EMA rsi55/45,SL1.5/TP1.5 00-08 hold12,173,39.884393063583815,0.5083798683285861,-65.64464822851417,39.75845009225953,49t -4.3R,58t -35.8R,66t -25.6R,False,False
BTC,RSI EMA rsi55/45,SL1.5/TP1.5 00-08 hold24,173,39.884393063583815,0.5108898832250947,-67.60082510854573,41.10184141882904,49t -3.5R,58t -37.2R,66t -26.9R,False,False
BTC,RSI EMA rsi55/45,SL1.5/TP1.5 00-08 hold48,173,39.884393063583815,0.49884311970317724,-69.31605965686317,41.468468804497995,49t -4.8R,58t -37.5R,66t -26.9R,False,False
BTC,RSI EMA rsi55/45,SL1.5/TP1.5 13-21 hold12,217,50.23041474654378,0.7512726860067874,-28.851452836579497,22.664093447617095,70t -6.9R,74t -8.0R,73t -14.0R,False,False
BTC,RSI EMA rsi55/45,SL1.5/TP1.5 13-21 hold24,217,48.38709677419355,0.6996585539832221,-38.096202573300395,24.4171032198328,70t -9.2R,74t -11.2R,73t -17.6R,False,False
BTC,RSI EMA rsi55/45,SL1.5/TP1.5 13-21 hold48,217,48.8479262672811,0.703388173749663,-37.92697081239485,22.914098572211273,70t -9.5R,74t -11.6R,73t -16.9R,False,False
BTC,RSI EMA rsi55/45,SL1.5/TP3.0 24/7 hold12,497,33.80281690140845,0.6828618641373481,-116.57575920873661,77.41913458016055,161t -26.0R,171t -58.1R,165t -32.4R,False,False
BTC,RSI EMA rsi55/45,SL1.5/TP3.0 24/7 hold24,493,32.04868154158215,0.6835330631296278,-125.79378514773764,80.06560635544386,160t -29.5R,170t -65.0R,163t -31.4R,False,False
BTC,RSI EMA rsi55/45,SL1.5/TP3.0 24/7 hold48,491,31.771894093686356,0.6868278884294375,-127.16962670734024,78.86896377855456,158t -34.2R,170t -65.3R,163t -27.7R,False,False
BTC,RSI EMA rsi55/45,SL1.5/TP3.0 12-18 hold12,193,40.932642487046635,0.9739113715309129,-4.049536710767651,16.984628467393264,67t -2.6R,70t +7.2R,56t -8.6R,False,False
BTC,RSI EMA rsi55/45,SL1.5/TP3.0 12-18 hold24,192,39.0625,0.9349334398122576,-9.308124351186335,19.54909681196669,66t -0.6R,70t +2.0R,56t -10.7R,False,False
BTC,RSI EMA rsi55/45,SL1.5/TP3.0 12-18 hold48,192,38.020833333333336,0.9205353395819952,-11.406843437836738,16.987703911871645,66t -3.1R,70t +1.8R,56t -10.1R,False,False
BTC,RSI EMA rsi55/45,SL1.5/TP3.0 07-21 hold12,320,36.5625,0.7609851215108199,-53.1583891542213,35.77822667584323,107t -19.8R,106t -11.8R,107t -21.5R,False,False
BTC,RSI EMA rsi55/45,SL1.5/TP3.0 07-21 hold24,319,35.42319749216301,0.7674551773420815,-55.58138332582903,37.01216659855258,106t -19.5R,106t -14.1R,107t -22.0R,False,False
BTC,RSI EMA rsi55/45,SL1.5/TP3.0 07-21 hold48,318,34.59119496855346,0.7704941427582984,-55.97608049058541,34.720253712121526,105t -23.3R,106t -14.3R,107t -18.3R,False,False
BTC,RSI EMA rsi55/45,SL1.5/TP3.0 00-08 hold12,156,30.128205128205128,0.6141144741285729,-53.09980766852725,44.86960275580462,43t -1.9R,56t -36.3R,57t -14.9R,False,False
BTC,RSI EMA rsi55/45,SL1.5/TP3.0 00-08 hold24,154,27.92207792207792,0.5983118245646742,-59.28117413412853,48.854610606525824,43t -3.5R,56t -41.9R,55t -13.9R,False,False
BTC,RSI EMA rsi55/45,SL1.5/TP3.0 00-08 hold48,154,27.92207792207792,0.6121840983062296,-58.11568900772432,48.93156653269772,43t -4.5R,56t -41.3R,55t -12.3R,False,False
BTC,RSI EMA rsi55/45,SL1.5/TP3.0 13-21 hold12,184,39.130434782608695,0.8710874490996879,-15.479099923382455,17.94638930222358,56t -7.2R,65t +0.0R,63t -8.4R,False,False
BTC,RSI EMA rsi55/45,SL1.5/TP3.0 13-21 hold24,183,37.15846994535519,0.8430914586237225,-20.50127542908095,19.139189509612404,55t -8.0R,65t -3.5R,63t -9.0R,False,False
BTC,RSI EMA rsi55/45,SL1.5/TP3.0 13-21 hold48,183,36.0655737704918,0.8358406703132261,-22.003578811141644,16.43423113497223,55t -9.7R,65t -3.7R,63t -8.5R,False,False
BTC,RSI EMA rsi55/45,SL1.0/TP2.0 24/7 hold12,591,29.441624365482234,0.5632930664961526,-235.3790830488625,135.34228990950334,195t -55.2R,200t -119.7R,196t -60.4R,False,False
BTC,RSI EMA rsi55/45,SL1.0/TP2.0 24/7 hold24,591,28.59560067681895,0.5547277893284481,-244.98245268637214,135.97097919321553,195t -58.8R,200t -120.6R,196t -65.6R,False,False
BTC,RSI EMA rsi55/45,SL1.0/TP2.0 24/7 hold48,590,28.305084745762713,0.5531737948135652,-246.65466032645273,137.0639435790247,194t -58.8R,200t -122.5R,196t -65.4R,False,False
BTC,RSI EMA rsi55/45,SL1.0/TP2.0 12-18 hold12,243,33.74485596707819,0.7287514354261259,-53.06578992190438,35.19209219188048,81t -11.3R,90t -24.3R,72t -17.5R,False,False
BTC,RSI EMA rsi55/45,SL1.0/TP2.0 12-18 hold24,243,33.74485596707819,0.727009885008952,-54.07078639091817,33.91009909478058,81t -13.6R,90t -21.6R,72t -18.9R,False,False
BTC,RSI EMA rsi55/45,SL1.0/TP2.0 12-18 hold48,243,33.333333333333336,0.7153812032755742,-56.571388335817524,35.003063480589766,81t -14.5R,90t -23.4R,72t -18.7R,False,False
BTC,RSI EMA rsi55/45,SL1.0/TP2.0 07-21 hold12,388,29.896907216494846,0.5759925839364651,-144.00320738648307,71.33320755582005,129t -41.4R,130t -55.4R,129t -47.1R,False,False
BTC,RSI EMA rsi55/45,SL1.0/TP2.0 07-21 hold24,388,29.63917525773196,0.5747242855157186,-146.96884439334318,70.75773946309961,129t -43.7R,130t -53.8R,129t -49.4R,False,False
BTC,RSI EMA rsi55/45,SL1.0/TP2.0 07-21 hold48,387,29.198966408268735,0.5698374528595005,-149.00523705083606,71.85070384890881,128t -44.1R,130t -55.7R,129t -49.2R,False,False
BTC,RSI EMA rsi55/45,SL1.0/TP2.0 00-08 hold12,171,29.82456140350877,0.5638812836942094,-74.72957813579318,57.08749894058431,51t -9.4R,57t -46.4R,63t -18.9R,False,False
BTC,RSI EMA rsi55/45,SL1.0/TP2.0 00-08 hold24,171,28.070175438596486,0.552661113054194,-78.3446091697295,55.94320937805247,51t -9.5R,57t -47.1R,63t -21.7R,False,False
BTC,RSI EMA rsi55/45,SL1.0/TP2.0 00-08 hold48,171,28.070175438596486,0.5571975456960576,-77.98042415231717,55.94320937805247,51t -9.1R,57t -47.1R,63t -21.7R,False,False
BTC,RSI EMA rsi55/45,SL1.0/TP2.0 13-21 hold12,231,32.03463203463203,0.6709790530549646,-62.72127074224958,35.25206224129654,71t -14.0R,81t -29.5R,79t -19.2R,False,False
BTC,RSI EMA rsi55/45,SL1.0/TP2.0 13-21 hold24,231,32.03463203463203,0.6700812687762718,-63.713176331814736,34.64906542093468,71t -16.3R,81t -27.4R,79t -20.0R,False,False
BTC,RSI EMA rsi55/45,SL1.0/TP2.0 13-21 hold48,231,31.6017316017316,0.6583855838488212,-66.2137782767141,35.742029806743886,71t -17.2R,81t -29.3R,79t -19.8R,False,False
BTC,RSI EMA rsi55/45,SL2.0/TP2.0 24/7 hold12,502,45.21912350597609,0.697256713794018,-88.73107077174197,60.36908702684542,158t -3.4R,175t -50.9R,169t -34.4R,False,False
BTC,RSI EMA rsi55/45,SL2.0/TP2.0 24/7 hold24,498,46.5863453815261,0.6966949534543214,-94.50908285838365,62.556324256697096,157t -6.2R,174t -57.0R,167t -31.2R,False,False
BTC,RSI EMA rsi55/45,SL2.0/TP2.0 24/7 hold48,496,47.17741935483871,0.6984817001571237,-95.08860660218896,61.50773306235565,156t -6.7R,173t -56.7R,167t -31.6R,False,False
BTC,RSI EMA rsi55/45,SL2.0/TP2.0 12-18 hold12,199,52.76381909547739,0.9837065520054937,-2.3892255747002995,12.763523301960756,67t +2.4R,75t +1.4R,57t -6.2R,False,False
BTC,RSI EMA rsi55/45,SL2.0/TP2.0 12-18 hold24,198,54.04040404040404,0.969948376507299,-4.268308043229923,13.277757374011427,66t +4.7R,75t -1.8R,57t -7.2R,False,False
BTC,RSI EMA rsi55/45,SL2.0/TP2.0 12-18 hold48,198,55.05050505050505,0.9837822377929935,-2.938883499705898,12.955460331253576,66t +5.1R,75t -1.3R,57t -6.7R,False,False
BTC,RSI EMA rsi55/45,SL2.0/TP2.0 07-21 hold12,325,48.30769230769231,0.7659875612987743,-39.11789227626749,29.103316968756367,107t -5.2R,111t -16.8R,107t -17.1R,False,False
BTC,RSI EMA rsi55/45,SL2.0/TP2.0 07-21 hold24,323,49.22600619195047,0.7553045534202969,-43.86581390975074,30.315558638212345,106t -9.1R,111t -18.0R,106t -16.8R,False,False
BTC,RSI EMA rsi55/45,SL2.0/TP2.0 07-21 hold48,322,50.93167701863354,0.7887508106126457,-38.229489703117046,27.84540476322826,106t -5.7R,110t -16.2R,106t -16.3R,False,False
BTC,RSI EMA rsi55/45,SL2.0/TP2.0 00-08 hold12,150,42.0,0.6342809321563367,-39.95752264028511,32.21624332300384,41t +1.9R,53t -25.3R,56t -16.6R,False,False
BTC,RSI EMA rsi55/45,SL2.0/TP2.0 00-08 hold24,150,44.0,0.6779558854017987,-39.19330360853487,33.061833837049676,41t +3.7R,53t -27.5R,56t -15.4R,False,False
BTC,RSI EMA rsi55/45,SL2.0/TP2.0 00-08 hold48,150,43.333333333333336,0.628847182006711,-43.06714963268811,33.58687937630138,41t +1.2R,53t -28.1R,56t -16.2R,False,False
BTC,RSI EMA rsi55/45,SL2.0/TP2.0 13-21 hold12,190,52.10526315789474,0.9397499654563851,-6.718418449279929,15.680959883823643,59t +4.1R,67t -3.0R,64t -7.9R,False,False
BTC,RSI EMA rsi55/45,SL2.0/TP2.0 13-21 hold24,190,52.63157894736842,0.9199920194003969,-8.816931619619318,13.767648134800146,59t +4.0R,67t -6.3R,64t -6.5R,False,False
BTC,RSI EMA rsi55/45,SL2.0/TP2.0 13-21 hold48,189,54.4973544973545,0.9448729940071157,-6.1803858223492,12.852675937503463,59t +3.9R,66t -4.8R,64t -5.3R,False,False
BTC,RSI EMA rsi55/45,SL1.0/TP1.0 24/7 hold12,647,40.80370942812983,0.43304728768609346,-281.8955810805259,131.01635280503532,213t -62.0R,221t -128.4R,213t -91.6R,False,False
BTC,RSI EMA rsi55/45,SL1.0/TP1.0 24/7 hold24,647,41.112828438948995,0.434943705521198,-282.68585583587,131.47644485270166,213t -62.5R,221t -128.8R,213t -91.3R,False,False
BTC,RSI EMA rsi55/45,SL1.0/TP1.0 24/7 hold48,647,41.112828438948995,0.4355749310076498,-282.41659174730745,131.47644485270166,213t -62.3R,221t -128.8R,213t -91.3R,False,False
BTC,RSI EMA rsi55/45,SL1.0/TP1.0 12-18 hold12,270,46.2962962962963,0.5653068568186794,-77.93614559001261,37.47956768723526,91t -18.7R,100t -36.5R,79t -22.7R,False,False
BTC,RSI EMA rsi55/45,SL1.0/TP1.0 12-18 hold24,270,46.666666666666664,0.5692840204414888,-77.5117492547719,38.054245846646246,91t -18.7R,100t -37.1R,79t -21.7R,False,False
BTC,RSI EMA rsi55/45,SL1.0/TP1.0 12-18 hold48,270,46.666666666666664,0.5692840204414888,-77.5117492547719,38.054245846646246,91t -18.7R,100t -37.1R,79t -21.7R,False,False
BTC,RSI EMA rsi55/45,SL1.0/TP1.0 07-21 hold12,426,42.01877934272301,0.45163606105104925,-172.10212529058057,72.04798025908732,144t -45.6R,144t -69.4R,138t -57.1R,False,False
BTC,RSI EMA rsi55/45,SL1.0/TP1.0 07-21 hold24,426,42.48826291079812,0.45751591010386716,-171.06228875732353,72.50807230675363,144t -45.1R,144t -69.9R,138t -56.1R,False,False
BTC,RSI EMA rsi55/45,SL1.0/TP1.0 07-21 hold48,426,42.48826291079812,0.4584608555035207,-170.793024668761,72.50807230675363,144t -44.9R,144t -69.9R,138t -56.1R,False,False
BTC,RSI EMA rsi55/45,SL1.0/TP1.0 00-08 hold12,188,39.361702127659576,0.4108719593216252,-94.35779008899134,47.56122942464107,56t -10.4R,62t -44.1R,70t -39.8R,False,False
BTC,RSI EMA rsi55/45,SL1.0/TP1.0 00-08 hold24,188,39.361702127659576,0.40933602873226166,-95.11830130212273,47.56122942464107,56t -10.4R,62t -44.1R,70t -40.6R,False,False
BTC,RSI EMA rsi55/45,SL1.0/TP1.0 00-08 hold48,188,39.361702127659576,0.40933602873226166,-95.11830130212273,47.56122942464107,56t -10.4R,62t -44.1R,70t -40.6R,False,False
BTC,RSI EMA rsi55/45,SL1.0/TP1.0 13-21 hold12,252,43.25396825396825,0.5001015632723385,-87.57903018483636,37.0456228583402,80t -21.3R,87t -36.6R,85t -29.7R,False,False
BTC,RSI EMA rsi55/45,SL1.0/TP1.0 13-21 hold24,252,43.65079365079365,0.5027395181065162,-87.83363012633369,38.299297294489214,80t -21.3R,87t -37.8R,85t -28.7R,False,False
BTC,RSI EMA rsi55/45,SL1.0/TP1.0 13-21 hold48,252,43.65079365079365,0.5027395181065162,-87.83363012633369,38.299297294489214,80t -21.3R,87t -37.8R,85t -28.7R,False,False
BTC,RSI EMA rsi55/45,SL2.0/TP4.0 24/7 hold12,448,34.82142857142857,0.7514406972387208,-74.71658123903008,53.515401589208025,138t -0.4R,159t -37.5R,151t -36.8R,False,False
BTC,RSI EMA rsi55/45,SL2.0/TP4.0 24/7 hold24,439,35.07972665148064,0.7705003056923597,-75.52500597813905,56.29870539131061,136t -0.1R,157t -43.4R,146t -32.1R,False,False
BTC,RSI EMA rsi55/45,SL2.0/TP4.0 24/7 hold48,433,33.71824480369515,0.769908294116823,-77.51243655376663,51.54327547319743,132t -5.5R,157t -40.8R,144t -31.2R,False,False
BTC,RSI EMA rsi55/45,SL2.0/TP4.0 12-18 hold12,173,39.884393063583815,0.9738160806806959,-4.211362677363047,17.014752822873763,56t +1.4R,65t +5.4R,52t -10.9R,False,False
BTC,RSI EMA rsi55/45,SL2.0/TP4.0 12-18 hold24,169,41.42011834319526,1.025185492200696,-0.5646718105280599,16.139321980700245,54t +11.2R,64t -1.6R,51t -10.2R,False,False
BTC,RSI EMA rsi55/45,SL2.0/TP4.0 12-18 hold48,168,39.88095238095238,1.0143085722184477,-1.0461420894134896,16.318316554812647,53t +9.8R,64t -0.0R,51t -10.9R,False,False
BTC,RSI EMA rsi55/45,SL2.0/TP4.0 07-21 hold12,287,38.32752613240418,0.8443974235407338,-25.73493840307188,23.348929357492054,92t -7.4R,99t -2.2R,96t -16.1R,False,False
BTC,RSI EMA rsi55/45,SL2.0/TP4.0 07-21 hold24,279,39.784946236559136,0.9189295106986249,-14.674483005115603,23.62780480113422,90t -1.3R,98t -2.6R,91t -10.7R,False,False
BTC,RSI EMA rsi55/45,SL2.0/TP4.0 07-21 hold48,275,38.18181818181818,0.9163856746971024,-16.185573821075263,24.47248688854606,87t -3.6R,98t -0.8R,90t -11.8R,False,False
BTC,RSI EMA rsi55/45,SL2.0/TP4.0 00-08 hold12,142,32.394366197183096,0.7292721014516504,-36.51447833047482,33.4991388900018,38t +6.9R,51t -23.7R,53t -19.7R,False,False
BTC,RSI EMA rsi55/45,SL2.0/TP4.0 00-08 hold24,141,31.20567375886525,0.6795442786472835,-41.78134197555118,35.87808030083427,38t +3.5R,51t -27.5R,52t -17.8R,False,False
BTC,RSI EMA rsi55/45,SL2.0/TP4.0 00-08 hold48,141,30.49645390070922,0.706663120302403,-38.15609374224776,34.041912035541266,38t +2.3R,51t -25.7R,52t -14.8R,False,False
BTC,RSI EMA rsi55/45,SL2.0/TP4.0 13-21 hold12,166,37.95180722891566,0.8340593327761787,-16.70801681287056,19.429620334443506,49t -4.9R,59t +1.0R,58t -12.8R,False,False
BTC,RSI EMA rsi55/45,SL2.0/TP4.0 13-21 hold24,161,38.50931677018633,0.880089860421325,-12.955081599366324,18.462008441426562,46t +1.7R,58t -3.4R,57t -11.3R,False,False
BTC,RSI EMA rsi55/45,SL2.0/TP4.0 13-21 hold48,161,37.267080745341616,0.8803526918743416,-14.348557049129159,18.022979337941138,46t +1.4R,58t -1.8R,57t -14.0R,False,False
BTC,RSI EMA rsi50/50,SL1.5/TP1.5 24/7 hold12,644,45.49689440993789,0.6055427870398562,-165.62021140689419,97.96305433754071,204t -24.3R,229t -92.2R,211t -49.1R,False,False
BTC,RSI EMA rsi50/50,SL1.5/TP1.5 24/7 hold24,644,45.18633540372671,0.5984524944752149,-174.8659169824477,97.96172926849394,204t -24.7R,229t -95.9R,211t -54.3R,False,False
BTC,RSI EMA rsi50/50,SL1.5/TP1.5 24/7 hold48,644,45.341614906832305,0.5978684500020223,-176.35346584838797,99.30959531351927,204t -26.3R,229t -97.3R,211t -52.8R,False,False
BTC,RSI EMA rsi50/50,SL1.5/TP1.5 12-18 hold12,257,52.14007782101167,0.8102458752654242,-25.971897905595462,24.215133166845593,86t -7.0R,99t -15.0R,72t -4.0R,False,False
BTC,RSI EMA rsi50/50,SL1.5/TP1.5 12-18 hold24,257,50.583657587548636,0.7597368327707048,-35.0890682149368,25.36484700070391,86t -9.0R,99t -18.6R,72t -7.5R,False,False
BTC,RSI EMA rsi50/50,SL1.5/TP1.5 12-18 hold48,257,50.97276264591439,0.7630745498688506,-34.746588582369455,25.455139738333727,86t -9.3R,99t -18.9R,72t -6.6R,False,False
BTC,RSI EMA rsi50/50,SL1.5/TP1.5 07-21 hold12,420,46.666666666666664,0.6293204021269481,-93.88164748223195,49.09320570576115,138t -25.7R,148t -42.3R,134t -25.9R,False,False
BTC,RSI EMA rsi50/50,SL1.5/TP1.5 07-21 hold24,420,46.666666666666664,0.6206200728571918,-100.63725256329965,49.416520392137656,138t -26.9R,148t -44.0R,134t -29.7R,False,False
BTC,RSI EMA rsi50/50,SL1.5/TP1.5 07-21 hold48,420,46.904761904761905,0.6268567144562717,-99.1994974311967,49.766066331238555,138t -26.7R,148t -44.4R,134t -28.2R,False,False
BTC,RSI EMA rsi50/50,SL1.5/TP1.5 00-08 hold12,195,42.56410256410256,0.5414456616684474,-66.37001918137928,41.8429272659104,55t -3.8R,69t -37.1R,71t -25.4R,False,False
BTC,RSI EMA rsi50/50,SL1.5/TP1.5 00-08 hold24,195,42.56410256410256,0.5540249223284239,-66.02347800840744,41.5695570231394,55t -2.4R,69t -36.8R,71t -26.8R,False,False
BTC,RSI EMA rsi50/50,SL1.5/TP1.5 00-08 hold48,195,42.56410256410256,0.5405231501499169,-68.37040527698035,42.56787712906384,55t -3.7R,69t -37.8R,71t -26.8R,False,False
BTC,RSI EMA rsi50/50,SL1.5/TP1.5 13-21 hold12,242,50.82644628099174,0.7642405412404372,-30.563447501742772,21.254403466884725,77t -6.7R,84t -13.9R,81t -9.9R,False,False
BTC,RSI EMA rsi50/50,SL1.5/TP1.5 13-21 hold24,242,49.17355371900826,0.7134821025574841,-40.448503140487254,23.190214818568386,77t -8.8R,84t -18.3R,81t -13.3R,False,False
BTC,RSI EMA rsi50/50,SL1.5/TP1.5 13-21 hold48,242,49.586776859504134,0.72101095787646,-39.52349073409263,23.190214818568386,77t -9.1R,84t -18.6R,81t -11.8R,False,False
BTC,RSI EMA rsi50/50,SL1.5/TP3.0 24/7 hold12,561,33.8680926916221,0.6748039265637938,-139.26036235938278,100.32497320800441,179t -27.2R,202t -83.8R,180t -28.3R,False,False
BTC,RSI EMA rsi50/50,SL1.5/TP3.0 24/7 hold24,557,31.597845601436266,0.6892922225670395,-144.12381164048526,98.29442501645268,178t -26.0R,201t -87.8R,178t -30.4R,False,False
BTC,RSI EMA rsi50/50,SL1.5/TP3.0 24/7 hold48,555,31.53153153153153,0.694504258957268,-144.48300812468213,96.06469309052144,176t -28.8R,201t -88.0R,178t -27.6R,False,False
BTC,RSI EMA rsi50/50,SL1.5/TP3.0 12-18 hold12,216,42.129629629629626,0.9759842249337751,-3.2264418139161406,23.294887652153612,73t -4.3R,82t +0.4R,61t +0.6R,False,False
BTC,RSI EMA rsi50/50,SL1.5/TP3.0 12-18 hold24,215,39.06976744186046,0.9587279266041654,-6.317709411653721,24.65979233546505,72t -0.7R,82t -3.6R,61t -2.0R,False,False
BTC,RSI EMA rsi50/50,SL1.5/TP3.0 12-18 hold48,215,38.13953488372093,0.9493881496765569,-7.9091736069263066,23.288458084615797,72t -1.7R,82t -5.0R,61t -1.2R,False,False
BTC,RSI EMA rsi50/50,SL1.5/TP3.0 07-21 hold12,362,36.46408839779006,0.7392623931650497,-66.79271690988878,50.33143805544252,119t -23.6R,126t -25.9R,117t -17.3R,False,False
BTC,RSI EMA rsi50/50,SL1.5/TP3.0 07-21 hold24,361,34.903047091412745,0.7676915129566311,-64.21827554971526,48.024758167384896,118t -21.2R,126t -23.6R,117t -19.4R,False,False
BTC,RSI EMA rsi50/50,SL1.5/TP3.0 07-21 hold48,360,34.166666666666664,0.773445577436279,-63.77222826895518,47.002969855636536,117t -23.2R,126t -25.0R,117t -15.6R,False,False
BTC,RSI EMA rsi50/50,SL1.5/TP3.0 00-08 hold12,175,30.857142857142858,0.6260751790528818,-57.621599703605284,51.90108351726025,49t +0.1R,66t -43.4R,60t -14.4R,False,False
BTC,RSI EMA rsi50/50,SL1.5/TP3.0 00-08 hold24,173,28.90173410404624,0.6456310079098061,-59.94361768268996,54.19186650880947,49t +1.5R,66t -47.2R,58t -14.3R,False,False
BTC,RSI EMA rsi50/50,SL1.5/TP3.0 00-08 hold48,173,29.479768786127167,0.6627150521267426,-57.55153983136947,52.35123539169011,49t +0.5R,66t -45.4R,58t -12.7R,False,False
BTC,RSI EMA rsi50/50,SL1.5/TP3.0 13-21 hold12,207,39.130434782608695,0.8437158612512505,-21.178070173383023,21.969008224761303,63t -10.7R,74t -6.1R,70t -4.3R,False,False
BTC,RSI EMA rsi50/50,SL1.5/TP3.0 13-21 hold24,206,36.407766990291265,0.8409801678811285,-23.989840376753527,21.9400537433027,62t -9.9R,74t -8.6R,70t -5.5R,False,False
BTC,RSI EMA rsi50/50,SL1.5/TP3.0 13-21 hold48,206,35.43689320388349,0.8304448711546507,-26.138203337627537,20.568719492453447,62t -11.3R,74t -9.9R,70t -4.9R,False,False
BTC,RSI EMA rsi50/50,SL1.0/TP2.0 24/7 hold12,663,30.316742081447963,0.5800883031387886,-254.06363157623474,152.17344915317952,218t -55.9R,233t -138.2R,212t -60.0R,False,False
BTC,RSI EMA rsi50/50,SL1.0/TP2.0 24/7 hold24,663,29.41176470588235,0.5748243514117553,-263.13450879686553,151.58099067182243,218t -59.5R,233t -138.5R,212t -65.2R,False,False
BTC,RSI EMA rsi50/50,SL1.0/TP2.0 24/7 hold48,662,29.154078549848943,0.5734636254323221,-265.17022562759934,153.6712852165185,217t -59.5R,233t -141.3R,212t -64.4R,False,False
BTC,RSI EMA rsi50/50,SL1.0/TP2.0 12-18 hold12,266,35.714285714285715,0.7793364502409922,-46.541202809607654,35.20271989897996,89t -11.2R,101t -23.5R,76t -11.9R,False,False
BTC,RSI EMA rsi50/50,SL1.0/TP2.0 12-18 hold24,266,35.714285714285715,0.7859619523041107,-45.45692793829687,33.920726801880065,89t -13.5R,101t -19.7R,76t -12.2R,False,False
BTC,RSI EMA rsi50/50,SL1.0/TP2.0 12-18 hold48,266,35.338345864661655,0.7774227302349432,-47.3237089149626,35.01369118768926,89t -14.4R,101t -21.5R,76t -11.4R,False,False
BTC,RSI EMA rsi50/50,SL1.0/TP2.0 07-21 hold12,431,30.858468677494198,0.5933470785614292,-153.26852160428638,79.49176677654215,143t -43.4R,150t -65.8R,138t -44.1R,False,False
BTC,RSI EMA rsi50/50,SL1.0/TP2.0 07-21 hold24,431,30.62645011600928,0.5989959631828004,-153.52777382975782,78.63355462541378,143t -45.6R,150t -61.4R,138t -46.4R,False,False
BTC,RSI EMA rsi50/50,SL1.0/TP2.0 07-21 hold48,430,30.232558139534884,0.5956229239934849,-154.9303455190171,78.6335546254138,142t -46.1R,150t -63.3R,138t -45.6R,False,False
BTC,RSI EMA rsi50/50,SL1.0/TP2.0 00-08 hold12,197,31.472081218274113,0.5940549569039222,-78.73813355520204,62.58070898105352,59t -7.1R,70t -52.5R,68t -19.2R,False,False
BTC,RSI EMA rsi50/50,SL1.0/TP2.0 00-08 hold24,197,29.441624365482234,0.5881882273763398,-82.77932085825803,61.86257568764135,59t -7.2R,70t -53.6R,68t -22.0R,False,False
BTC,RSI EMA rsi50/50,SL1.0/TP2.0 00-08 hold48,197,29.441624365482234,0.5902544400809153,-83.4124659997326,62.85990584652822,59t -6.8R,70t -54.6R,68t -22.0R,False,False
BTC,RSI EMA rsi50/50,SL1.0/TP2.0 13-21 hold12,253,33.201581027667984,0.6922383811582277,-63.64076280206993,34.13133905179675,79t -17.0R,89t -27.7R,85t -18.9R,False,False
BTC,RSI EMA rsi50/50,SL1.0/TP2.0 13-21 hold24,253,33.201581027667984,0.7009438427625851,-62.54339705131052,32.507412499319194,79t -19.3R,89t -24.6R,85t -18.6R,False,False
BTC,RSI EMA rsi50/50,SL1.0/TP2.0 13-21 hold48,253,32.80632411067194,0.6923732825816632,-64.41017802797626,33.60037688512839,79t -20.2R,89t -26.5R,85t -17.8R,False,False
BTC,RSI EMA rsi50/50,SL2.0/TP2.0 24/7 hold12,562,45.90747330960854,0.7060436679771485,-97.70158580481103,69.14050784868927,174t -0.5R,203t -60.0R,185t -37.2R,False,False
BTC,RSI EMA rsi50/50,SL2.0/TP2.0 24/7 hold24,557,46.49910233393178,0.70103104712946,-105.95904599025191,74.00866808288025,173t -3.2R,202t -69.4R,182t -33.4R,False,False
BTC,RSI EMA rsi50/50,SL2.0/TP2.0 24/7 hold48,555,47.387387387387385,0.7075870641183729,-104.85218029863285,73.38277284323397,172t -4.5R,201t -69.7R,182t -30.6R,False,False
BTC,RSI EMA rsi50/50,SL2.0/TP2.0 12-18 hold12,219,54.337899543378995,1.0169552352466245,0.5068517200486142,16.342764508421652,71t +5.3R,86t +0.1R,62t -4.9R,False,False
BTC,RSI EMA rsi50/50,SL2.0/TP2.0 12-18 hold24,217,54.83870967741935,0.9987277231080781,-2.7123504416166178,19.003960347027284,70t +8.6R,86t -6.9R,61t -4.4R,False,False
BTC,RSI EMA rsi50/50,SL2.0/TP2.0 12-18 hold48,217,55.76036866359447,1.0198155531805533,-0.0864742408293595,17.671021443136794,70t +8.9R,86t -5.9R,61t -3.1R,False,False
BTC,RSI EMA rsi50/50,SL2.0/TP2.0 07-21 hold12,361,48.75346260387812,0.7836665972123334,-42.164457246293374,38.05625594225912,116t -0.1R,128t -22.0R,117t -20.0R,False,False
BTC,RSI EMA rsi50/50,SL2.0/TP2.0 07-21 hold24,358,49.44134078212291,0.7655997914806705,-48.653452783998226,40.260648309099906,115t -3.1R,128t -26.8R,115t -18.7R,False,False
BTC,RSI EMA rsi50/50,SL2.0/TP2.0 07-21 hold48,357,50.98039215686274,0.802919727316804,-41.55225723926988,37.79049443411582,115t +0.2R,127t -25.2R,115t -16.5R,False,False
BTC,RSI EMA rsi50/50,SL2.0/TP2.0 00-08 hold12,171,43.85964912280702,0.6411790573910734,-42.12085512400777,33.51469985600281,48t +1.5R,63t -27.4R,60t -16.3R,False,False
BTC,RSI EMA rsi50/50,SL2.0/TP2.0 00-08 hold24,171,43.85964912280702,0.670597986042917,-42.04685029125652,34.62729588035563,48t +2.7R,63t -29.3R,60t -15.4R,False,False
BTC,RSI EMA rsi50/50,SL2.0/TP2.0 00-08 hold48,171,44.44444444444444,0.6336793260081499,-45.69917821808003,34.66897026224758,48t -0.6R,63t -30.3R,60t -14.9R,False,False
BTC,RSI EMA rsi50/50,SL2.0/TP2.0 13-21 hold12,211,53.08056872037915,0.9672259993819525,-5.93966329457637,14.11061909541003,64t +6.6R,76t -3.8R,71t -8.8R,False,False
BTC,RSI EMA rsi50/50,SL2.0/TP2.0 13-21 hold24,211,53.08056872037915,0.9442005480641813,-9.673191982095577,16.257441802191007,64t +8.3R,76t -11.1R,71t -6.9R,False,False
BTC,RSI EMA rsi50/50,SL2.0/TP2.0 13-21 hold48,210,54.76190476190476,0.9790680648128702,-5.31202088940573,14.209365143775502,64t +8.6R,75t -9.0R,71t -4.9R,False,False
BTC,RSI EMA rsi50/50,SL1.0/TP1.0 24/7 hold12,730,40.54794520547945,0.424484076636566,-328.6667186009474,165.0890873135632,240t -76.1R,259t -163.5R,231t -89.0R,False,False
BTC,RSI EMA rsi50/50,SL1.0/TP1.0 24/7 hold24,730,40.68493150684932,0.4244702110745603,-330.45606785094316,165.54917936122956,240t -76.7R,259t -164.0R,231t -89.8R,False,False
BTC,RSI EMA rsi50/50,SL1.0/TP1.0 24/7 hold48,730,40.68493150684932,0.42501753205137877,-330.18680376238063,165.54917936122956,240t -76.4R,259t -164.0R,231t -89.8R,False,False
BTC,RSI EMA rsi50/50,SL1.0/TP1.0 12-18 hold12,301,45.51495016611295,0.5448181063033054,-93.8631555207919,48.41114989180492,102t -29.0R,114t -48.0R,85t -16.9R,False,False
BTC,RSI EMA rsi50/50,SL1.0/TP1.0 12-18 hold24,301,45.51495016611295,0.5437109715110112,-94.43783368020291,48.985828051215904,102t -29.0R,114t -48.5R,85t -16.9R,False,False
BTC,RSI EMA rsi50/50,SL1.0/TP1.0 12-18 hold48,301,45.51495016611295,0.5437109715110112,-94.43783368020291,48.985828051215904,102t -29.0R,114t -48.5R,85t -16.9R,False,False
BTC,RSI EMA rsi50/50,SL1.0/TP1.0 07-21 hold12,478,41.21338912133891,0.4344327005232636,-204.4499988793223,94.16412967450904,161t -60.0R,168t -92.6R,149t -51.9R,False,False
BTC,RSI EMA rsi50/50,SL1.0/TP1.0 07-21 hold24,478,41.42259414225941,0.43703786155100344,-204.40923684071694,94.62422172217536,161t -59.5R,168t -93.1R,149t -51.9R,False,False
BTC,RSI EMA rsi50/50,SL1.0/TP1.0 07-21 hold48,478,41.42259414225941,0.4378412452362798,-204.13997275215442,94.62422172217536,161t -59.2R,168t -93.1R,149t -51.9R,False,False
BTC,RSI EMA rsi50/50,SL1.0/TP1.0 00-08 hold12,215,40.46511627906977,0.4174316358508436,-105.53554939141881,56.7537042195079,64t -12.1R,76t -53.3R,75t -40.1R,False,False
BTC,RSI EMA rsi50/50,SL1.0/TP1.0 00-08 hold24,215,40.46511627906977,0.41595388821995494,-106.2960606045502,56.7537042195079,64t -12.1R,76t -53.3R,75t -40.9R,False,False
BTC,RSI EMA rsi50/50,SL1.0/TP1.0 00-08 hold48,215,40.46511627906977,0.41595388821995494,-106.2960606045502,56.7537042195079,64t -12.1R,76t -53.3R,75t -40.9R,False,False
BTC,RSI EMA rsi50/50,SL1.0/TP1.0 13-21 hold12,281,43.41637010676157,0.49931955742734574,-98.93520381848305,45.809452973927975,89t -27.4R,99t -45.4R,93t -26.1R,False,False
BTC,RSI EMA rsi50/50,SL1.0/TP1.0 13-21 hold24,281,43.41637010676157,0.4970192437066608,-100.18887825463207,47.06312741007701,89t -27.4R,99t -46.6R,93t -26.1R,False,False
BTC,RSI EMA rsi50/50,SL1.0/TP1.0 13-21 hold48,281,43.41637010676157,0.4970192437066608,-100.18887825463207,47.06312741007701,89t -27.4R,99t -46.6R,93t -26.1R,False,False
BTC,RSI EMA rsi50/50,SL2.0/TP4.0 24/7 hold12,501,35.32934131736527,0.7491958165476323,-85.3603570222926,67.38179440924215,151t +0.6R,183t -52.4R,167t -33.6R,False,False
BTC,RSI EMA rsi50/50,SL2.0/TP4.0 24/7 hold24,491,34.419551934826885,0.7702409374552408,-87.62090909064564,71.52376423275123,148t +5.5R,181t -57.9R,162t -35.2R,False,False
BTC,RSI EMA rsi50/50,SL2.0/TP4.0 24/7 hold48,485,34.22680412371134,0.7898540980488205,-81.58996507909775,65.05806794610419,145t +1.3R,180t -53.4R,160t -29.5R,False,False
BTC,RSI EMA rsi50/50,SL2.0/TP4.0 12-18 hold12,190,40.526315789473685,0.969396824744253,-4.074052804822694,16.428338783362868,59t +2.3R,73t -0.6R,58t -5.8R,False,False
BTC,RSI EMA rsi50/50,SL2.0/TP4.0 12-18 hold24,185,42.16216216216216,1.0497129353399859,0.6590295328876916,19.469289138704394,57t +14.2R,72t -7.7R,56t -5.9R,False,False
BTC,RSI EMA rsi50/50,SL2.0/TP4.0 12-18 hold48,183,40.43715846994535,1.040964973092941,2.562002048565653,16.920117972987505,56t +10.9R,71t -2.4R,56t -6.0R,False,False
BTC,RSI EMA rsi50/50,SL2.0/TP4.0 07-21 hold12,319,38.244514106583075,0.8332760966245829,-31.87838788564047,34.39812198930366,99t -4.2R,113t -13.0R,107t -14.7R,False,False
BTC,RSI EMA rsi50/50,SL2.0/TP4.0 07-21 hold24,310,39.354838709677416,0.9008452020330849,-21.47866517224005,32.866498683623746,96t +2.2R,112t -11.4R,102t -12.3R,False,False
BTC,RSI EMA rsi50/50,SL2.0/TP4.0 07-21 hold48,306,38.23529411764706,0.9276376377579315,-16.07496297368269,30.25825105078805,94t +1.4R,111t -6.6R,101t -10.9R,False,False
BTC,RSI EMA rsi50/50,SL2.0/TP4.0 00-08 hold12,159,33.9622641509434,0.7270060291596758,-37.43903875899012,36.91414246444736,43t +6.5R,60t -27.1R,56t -16.8R,False,False
BTC,RSI EMA rsi50/50,SL2.0/TP4.0 00-08 hold24,158,29.746835443037973,0.6754986507126116,-45.91209240511672,39.857502071643374,43t +3.8R,60t -31.5R,55t -18.2R,False,False
BTC,RSI EMA rsi50/50,SL2.0/TP4.0 00-08 hold48,158,31.645569620253166,0.73842631558028,-39.27208448859132,39.132519061088864,43t +5.1R,60t -30.8R,55t -13.6R,False,False
BTC,RSI EMA rsi50/50,SL2.0/TP4.0 13-21 hold12,185,38.37837837837838,0.8412990563740599,-17.390798520002875,14.889674660207827,53t -3.6R,66t -3.6R,66t -10.2R,False,False
BTC,RSI EMA rsi50/50,SL2.0/TP4.0 13-21 hold24,180,39.44444444444444,0.9068707262418654,-12.927609820376567,15.791494837279503,50t +5.5R,65t -8.3R,65t -10.2R,False,False
BTC,RSI EMA rsi50/50,SL2.0/TP4.0 13-21 hold48,179,37.98882681564246,0.9153675964666366,-11.673476777364439,15.790037687790452,50t +3.6R,64t -3.0R,65t -12.3R,False,False
BTC,MACD H1,SL1.5/TP3.0 hold24,91,37.362637362637365,0.9407034272185797,-4.201290784248514,12.009027368464755,33t +2.0R,29t -5.6R,29t -0.7R,False,False
BTC,MACD H1,SL1.5/TP3.0 hold48,88,32.95454545454545,0.945523944484036,-3.6943145211461883,11.404744654950736,33t +2.7R,28t -3.5R,27t -2.9R,False,False
BTC,MACD H1,SL1.5/TP1.5 hold24,98,53.06122448979592,0.991902791810737,-1.2124362642782953,8.603518120239869,36t +1.9R,32t -4.3R,30t +1.2R,False,False
BTC,MACD H1,SL1.5/TP1.5 hold48,97,51.54639175257732,1.0029768865528785,-0.6237604382887659,8.288756684534953,36t +2.8R,32t -4.0R,29t +0.6R,False,False
BTC,MACD H1,SL1.0/TP2.0 hold24,103,31.067961165048544,0.7652922077564966,-18.116312797870307,11.956252986619525,39t -5.0R,33t -9.1R,31t -4.1R,False,False
BTC,MACD H1,SL1.0/TP2.0 hold48,102,29.41176470588235,0.7636129944113503,-18.217190573653067,11.956252986619525,39t -5.0R,33t -9.1R,30t -4.2R,False,False
BTC,MACD H1,SL2.0/TP4.0 hold24,86,36.04651162790697,0.7794441954184635,-13.216380848811081,13.803544499010435,32t -1.6R,28t -9.7R,26t -1.9R,False,False
BTC,MACD H1,SL2.0/TP4.0 hold48,82,29.26829268292683,0.7504427884657531,-14.521004641856296,13.583046779355179,31t -1.9R,27t -8.7R,24t -3.9R,False,False
BTC,MACD H1,SL1.0/TP1.0 hold24,107,43.925233644859816,0.6783792162319675,-21.457371169077526,13.060967103389075,40t -8.0R,34t -11.2R,33t -2.3R,False,False
BTC,MACD H1,SL1.0/TP1.0 hold48,106,42.45283018867924,0.6586724234491219,-22.4861204257941,13.060967103389075,40t -8.0R,34t -11.2R,32t -3.3R,False,False
BTC,MACD M15,SL1.5/TP3.0 hold48,418,30.14354066985646,0.7081228821266686,-99.04697398084727,52.04842169520224,135t -6.4R,135t -47.0R,148t -45.7R,False,False
BTC,MACD M15,SL1.5/TP3.0 hold96,411,29.927007299270073,0.7210782798139443,-94.45007842657391,52.04842169520223,134t -3.6R,135t -49.7R,142t -41.2R,False,False
BTC,MACD M15,SL1.5/TP1.5 hold48,450,44.22222222222222,0.6690926145828932,-106.2309246849507,61.17680610672626,151t +3.0R,142t -57.5R,157t -51.7R,False,False
BTC,MACD M15,SL1.5/TP1.5 hold96,448,44.419642857142854,0.6738830480015621,-103.73429380422964,61.17680610672626,151t +3.0R,142t -57.5R,155t -49.2R,False,False
BTC,MACD M15,SL1.0/TP2.0 hold48,484,29.958677685950413,0.6771137453028178,-137.4991471252157,75.34829974083951,163t -5.7R,155t -61.0R,166t -70.8R,False,False
BTC,MACD M15,SL1.0/TP2.0 hold96,479,30.062630480167016,0.6821227652275065,-134.03242167843428,71.88157429405811,163t -5.7R,155t -61.0R,161t -67.3R,False,False
BTC,MACD M15,SL2.0/TP4.0 hold48,357,28.291316526610643,0.6566813485305628,-92.76391142957449,44.940269441112385,115t -29.7R,116t -35.7R,126t -27.4R,False,False
BTC,MACD M15,SL2.0/TP4.0 hold96,332,29.216867469879517,0.706272539757047,-75.11523025755197,40.68386009545921,105t -19.9R,107t -33.3R,120t -21.9R,False,False
BTC,MACD M15,SL1.0/TP1.0 hold48,499,41.68336673346693,0.5286636416306583,-173.3751218611825,82.99509091709184,165t -20.8R,160t -80.1R,174t -72.4R,False,False
BTC,MACD M15,SL1.0/TP1.0 hold96,499,41.68336673346693,0.5286636416306583,-173.3751218611825,82.99509091709184,165t -20.8R,160t -80.1R,174t -72.4R,False,False
